Date,Price,Market Cap,24 Hour Trading Vol
2020-08-19,2.9366649977840584,0.0,82413981.29681122
2020-08-20,2.9366649977840584,0.0,82413981.29681122
2020-08-21,2.89879087042457,0.0,49511744.88463916
2020-08-22,2.8719231582885576,0.0,51233752.827103466
2020-08-23,4.481388823739925,4028277492.3881054,473920951.2911821
2020-08-24,3.966082765910088,3630430965.6868463,335685225.4482104
2020-08-25,4.576939499077849,4162344881.7015166,395502571.8989607
2020-08-26,5.49394714760662,4910960800.05402,729611892.217292
2020-08-27,6.067730199404114,5508438431.636099,853376793.3117362
2020-08-28,5.638530633373319,5147685413.841153,995432623.197182
2020-08-29,6.162322869842559,5563188700.133332,584978197.1298553
2020-08-30,6.148507935787226,5580674883.763024,407313299.8601509
2020-08-31,5.901759394871453,5350103716.769489,366896197.48982257
2020-09-01,6.29879772167723,5712939724.608923,430398059.7192618
2020-09-02,6.229619252395945,5693335995.934683,472601408.5536825
2020-09-03,6.158884269227721,5597505846.232816,485766767.0734896
2020-09-04,5.683421169603046,5294708814.664548,630783985.0451007
2020-09-05,5.1340152181772725,4675680671.656081,676657581.6459368
2020-09-06,4.13019788733723,3750820473.971468,595268790.8541288
2020-09-07,4.78962789693905,4394131227.7377405,511543436.75403696
2020-09-08,4.594930909671461,4190737575.784357,365705934.9831117
2020-09-09,4.282524684960109,3891004373.7933354,234920666.902606
2020-09-10,4.703108697943335,4298181268.775718,274399152.6284701
2020-09-11,4.577765287676936,4177237545.060083,254092704.72602597
2020-09-12,4.625864199988795,4216287873.46031,212155209.23847777
2020-09-13,5.139290011153086,4663414090.094169,317307477.3197743
2020-09-14,5.294815256024742,4819470920.959559,413410119.8047527
2020-09-15,5.339198957352251,4874640596.625649,368584203.1748962
2020-09-16,5.113838698353973,4673343463.456086,301361216.948819
2020-09-17,5.075261806582743,4634502327.79378,272070780.6235744
2020-09-18,5.323352024016255,4871310608.622429,299530704.4441
2020-09-19,5.242095138770248,4771593286.01857,218845784.12899387
2020-09-20,4.924359684930011,4511663057.978728,180793689.67015743
2020-09-21,4.673545848129287,4287331139.3953447,277405320.53644466
2020-09-22,4.089749652347997,3770969365.206551,376122862.04748017
2020-09-23,4.168355680932848,3807699809.7726593,207312314.2506692
2020-09-24,4.0160363563658406,3701917991.062916,208272484.1319433
2020-09-25,4.389748821648701,4024415210.879658,212165515.133046
2020-09-26,4.41286272780764,4036996777.528928,176573807.95552978
2020-09-27,4.340299971503735,3981431937.9363737,124028159.47280042
2020-09-28,4.306460643533152,3966805487.8693743,123873259.31149642
2020-09-29,4.420033114111349,4015168631.8723865,192688341.9893024
2020-09-30,4.491527362227763,4123709369.604509,200465046.6652287
2020-10-01,4.347197258520258,3998481295.7904816,131549097.16661954
2020-10-02,4.338624033430472,3982054342.146103,185800897.37967396
2020-10-03,4.122609864205513,3786983100.945344,205627933.5663356
2020-10-04,4.066948359187792,3739978579.440465,104601491.5893746
2020-10-05,4.176764230629664,3849818336.1017737,89731299.09326749
2020-10-06,4.1602369454029935,3833319535.2399874,132019868.42462732
2020-10-07,3.748835471706956,3440251736.5558577,210625817.4318396
2020-10-08,3.852999443688667,3541978347.8554893,216001362.3925385
2020-10-09,4.101843106713311,3769762007.0828257,214716289.57457
2020-10-10,4.258895921902619,3921415690.922872,182371173.03073755
2020-10-11,4.254212996164335,3919459351.7433486,163446062.4110077
2020-10-12,4.250188243961778,3916199449.3647904,124735788.7091246
2020-10-13,4.316288996695248,3977129133.275724,188455914.277421
2020-10-14,4.248906706000911,3915494879.776031,155609893.3297254
2020-10-15,4.194644023662828,3867261708.426941,168709011.56224796
2020-10-16,4.094854852342111,3777390476.471873,143464781.4780979
2020-10-17,3.902291340576514,3609407515.0339217,161294195.66031703
2020-10-18,3.9644790925219424,3658072954.95262,69398889.68866682
2020-10-19,4.106552351478096,3790640346.140289,84816935.22137997
2020-10-20,3.991640613782067,3671134189.284116,95007120.32225177
2020-10-21,3.9071668227555576,3604225667.8517904,148089643.50211453
2020-10-22,4.13130490955701,3812512446.0483255,174236165.96079922
2020-10-23,4.264652281323652,3939180404.081174,146291489.18888167
2020-10-24,4.256187304957874,3933812312.373021,164831205.4380136
2020-10-25,4.350430279896141,4020658006.777102,120332452.89074594
2020-10-26,4.3340414314672575,4012939180.8089256,108292827.394825
2020-10-27,4.687976438792263,4329655077.176312,274074972.02018064
2020-10-28,4.682587970002437,4340749573.937261,265898434.61678487
2020-10-29,4.360419431708068,4034473421.2102537,202108505.0069216
2020-10-30,4.0535048878831885,3764515251.518611,200320469.3863818
2020-10-31,4.090725680953809,3791580626.3780174,159228530.14780968
2020-11-01,4.178017676018528,3874741303.681628,91136861.76934384
2020-11-02,4.2018859212030994,3895006456.472724,81646034.91053519
2020-11-03,4.02450724653999,3739887980.073733,140951326.24756223
2020-11-04,4.025233393564967,3734301175.476793,122070013.903054
2020-11-05,4.08136926366573,3787360078.116946,167238369.00696442
2020-11-06,4.233078491744799,3937088642.149855,147107170.64734727
2020-11-07,4.570121705410882,4258511485.891999,189796195.46608785
2020-11-08,4.237073500377915,3945482202.1835647,278868817.51144844
2020-11-09,4.36318980541015,4078246608.5763006,128160233.80415396
2020-11-10,4.339818011981211,4036915102.2553153,140530467.26834425
2020-11-11,4.409560532264164,4109275213.3344407,127503833.19442774
2020-11-12,4.4487908956059,4142055650.215431,150334795.18311763
2020-11-13,4.387897880183851,4082668445.386233,116847228.49038725
2020-11-14,4.543670476701079,4230663243.511702,114376307.5174001
2020-11-15,4.467036595848679,4162232116.849596,105545036.03024603
2020-11-16,4.371535464067909,4077484365.323717,101700104.16889995
2020-11-17,4.489781697889019,4179039016.9363775,134948395.12151504
2020-11-18,4.830331992396186,4503849621.370429,262107641.97021005
2020-11-19,4.685764153907629,4363793226.847716,231442094.2624644
2020-11-20,4.754053430688043,4437744294.637405,254597411.67709655
2020-11-21,5.2291137797130105,4882026485.544076,453367042.8198105
2020-11-22,5.757536694549964,5380273377.455998,434969224.6240124
2020-11-23,5.494676717392706,5170209964.717677,402300034.3749447
2020-11-24,5.895639961337506,5467632721.652316,459048675.4013789
2020-11-25,5.7134397129088965,5349446030.631042,495215338.3077189
2020-11-26,5.304069822023128,4944330443.97678,338334053.3515652
2020-11-27,4.799368169183063,4481218213.242744,590290526.5461713
2020-11-28,4.789256503946778,4472460027.798345,348738180.8792862
2020-11-29,4.889793511050391,4574371937.667865,165147373.40301624
2020-11-30,5.185800478185966,4847631627.853293,180449728.82591808
2020-12-01,5.354461939485786,5021807204.881335,281162258.87326753
2020-12-02,5.103662736678471,4783025652.238981,283997579.19488394
2020-12-03,5.4791688023995855,5133075936.979941,221443721.34281644
2020-12-04,5.410465394503286,5064584908.140408,180056113.46700332
2020-12-05,5.050151461894864,4723585460.440241,187447411.29744184
2020-12-06,5.192111883448054,4859029118.679096,163925878.93170908
2020-12-07,5.1276943188376345,4812002430.024476,124802254.50752078
2020-12-08,5.060144766864494,4750708655.5933,122459164.11119732
2020-12-09,4.739434958246353,4473125093.332668,177229440.09950307
2020-12-10,4.863467872055046,4580216020.823783,188894951.16754755
2020-12-11,4.799326849064115,4520011663.465658,124920916.15278496
2020-12-12,4.627222115400451,4350296965.757761,151211192.49292222
2020-12-13,4.737725656552705,4455620171.257192,124398004.61164066
2020-12-14,4.8891194895528125,4593849679.408428,149377920.07492235
2020-12-15,4.898343040590993,4612926971.9815445,127483634.08531529
2020-12-16,5.262614123384493,4983814223.593981,226657411.00945663
2020-12-17,5.358418752997773,5051770600.273088,280617074.9084628
2020-12-18,5.346437615969691,5043374200.259078,388878613.38309264
2020-12-19,5.364309779253039,5047179446.47409,238147666.04239407
2020-12-20,5.338112956518199,5043012871.235929,221959265.0973418
2020-12-21,5.182239119670477,4884986668.975207,235826101.90278256
2020-12-22,4.892651644964082,4642851803.926471,328011704.8498074
2020-12-23,5.153342961453958,4875242737.61714,332723854.8795314
2020-12-24,4.738927848976903,4489530313.422168,322787689.4904395
2020-12-25,5.135446440741811,4859778621.300656,298616200.23050565
2020-12-26,5.211168044078331,4939071509.721283,215984215.3337366
2020-12-27,5.211078203647316,4920780281.244822,389881571.4915692
2020-12-28,5.170288678373178,4917775037.589005,599564761.8727797
2020-12-29,6.609020866254324,6274967873.493339,1001838592.4843612
2020-12-30,7.574707918682685,7217589339.709585,1623438090.7900755
2020-12-31,7.279015190253465,6890483558.510944,1162860045.9212942
2021-01-01,9.361037070164066,8790589451.482008,1926142318.8993368
2021-01-02,8.309384385343932,7876734640.506003,1589686202.433354
2021-01-03,9.223083455454598,8778072861.213175,1884370500.0352185
2021-01-04,10.27944456603755,9839572847.117577,2026241252.0596156
2021-01-05,9.259346327220705,8767297086.336569,1788452339.2778962
2021-01-06,9.739198196297943,9268615029.823357,1101026826.544137
2021-01-07,10.097684412122383,9667925163.928446,1383529724.4738815
2021-01-08,9.646132180213604,9154780364.803495,1357811528.895877
2021-01-09,9.314730658380784,8872846060.524126,1132451712.0402448
2021-01-10,9.778410809521535,9332171957.95746,753225124.2942744
2021-01-11,9.32941019974151,8899676317.009953,837525001.2664026
2021-01-12,8.288132976060027,7889136044.384198,1814162155.3060696
2021-01-13,8.263019571221426,7874265559.834409,845668469.3126857
2021-01-14,11.02499584700394,10463214371.418743,2072789652.8729303
2021-01-15,14.38916681553055,13710583025.260971,3706157857.031596
2021-01-16,13.197430651795004,12518186422.369808,4067988418.441339
2021-01-17,18.284968089036077,17454759345.0311,7335372449.691468
2021-01-18,16.941180662094123,16170957365.959196,4336834538.540487
2021-01-19,16.417059963410804,15611727621.338997,2342725151.713157
2021-01-20,16.500379490310053,15867491203.42768,2101304751.9949408
2021-01-21,17.970988693677562,17124488269.973804,3098835544.885705
2021-01-22,16.003304708570408,15578426592.67866,3129318087.8445983
2021-01-23,17.15345552433555,16466661831.919771,2765854645.4363594
2021-01-24,18.60031904580909,17702992560.13173,2215949804.953305
2021-01-25,17.99637972827149,17273184189.924995,1518953639.2466738
2021-01-26,17.255294680478368,16515904649.551546,1654796100.7896483
2021-01-27,17.114219195402026,16415459288.594055,1296758574.747851
2021-01-28,15.458076344001167,14798283723.45466,1336945930.4510188
2021-01-29,16.953589906577026,16254766558.700006,1520805815.1531267
2021-01-30,16.813221319825903,16183669590.285444,1861571320.5965345
2021-01-31,16.436802315990118,15755706707.425257,943930650.0265752
2021-02-01,16.14345479897933,15447495133.606997,1145966595.3844478
2021-02-02,16.334468233166803,15718566326.160374,957499231.0275393
2021-02-03,17.246208880683334,16703247515.16536,1360952730.1383374
2021-02-04,20.81123989919261,19971174479.345352,2517074593.027832
2021-02-05,19.687856290916976,19067536675.01821,2327103649.782413
2021-02-06,20.91552499982878,20065986931.370617,1742093250.4734116
2021-02-07,20.39856665814108,19582739051.288105,1354116192.8114617
2021-02-08,19.686716214362857,18891743103.597805,1496709054.222571
2021-02-09,23.104852396172653,22114659632.659477,2773507986.714624
2021-02-10,23.177174086708277,22334799741.81557,1884256190.4570649
2021-02-11,23.53318789402045,22734504386.84818,2131291693.2757363
2021-02-12,25.11602680817384,24161179429.366028,2103920735.4379256
2021-02-13,28.637121005864973,27616676384.90755,2519169670.429951
2021-02-14,27.947634813017714,27007038181.38601,2266210239.4688272
2021-02-15,27.052949735557565,26227319235.22934,1595500661.964877
2021-02-16,27.686623199565357,26566488356.9671,2472116588.792158
2021-02-17,30.19801882921414,29114114011.07639,2701843651.3887186
2021-02-18,31.93217512022303,30712299898.00881,2323010298.124222
2021-02-19,31.16279213534729,30015246212.94908,1446625690.0175753
2021-02-20,35.02642927738189,33723084919.03054,2809304671.1877484
2021-02-21,39.37357824214819,37257080664.757454,5237458518.062277
2021-02-22,39.72219746943309,37996210717.6472,2910491062.714656
2021-02-23,37.81780681714916,36345028065.35592,4422794727.434546
2021-02-24,34.39389978147767,33192737847.942608,6044402319.652301
2021-02-25,33.728701680774485,32697522066.64185,3216425877.0109863
2021-02-26,31.18993528588956,30403400398.56049,2424342543.138615
2021-02-27,31.374676906050965,30323219597.9052,3811257872.375225
2021-02-28,33.804127649421545,32494177264.131943,3663132564.0751615
2021-03-01,33.453163322797664,32724468747.04945,3361298154.3935986
2021-03-02,35.572923823083045,34482548793.082504,2394221030.452759
2021-03-03,36.27341265156864,35162491056.98591,2652602369.6720257
2021-03-04,37.07636012738535,36037615291.30907,1846992438.6695287
2021-03-05,35.413922185913535,34325821408.80083,2017937521.415405
2021-03-06,33.72448813423524,32533163620.605686,2195167253.932596
2021-03-07,33.493545963177105,32513187620.90908,1056302430.6437292
2021-03-08,35.244068617208505,34105986455.119774,1174423275.4810855
2021-03-09,34.97150748636119,33921422032.115574,1202842486.8403623
2021-03-10,38.39566561239021,37395351100.78027,2208593351.545486
2021-03-11,37.77983958064008,36853090170.43106,2247048891.0175467
2021-03-12,36.87831206918232,35856583093.91823,1602488721.3347497
2021-03-13,35.707556770344794,34769140591.6425,1346759594.8959148
2021-03-14,37.31727832816065,36630956614.64997,1507640392.6381807
2021-03-15,36.72597695065916,35929717095.64556,1076645082.295149
2021-03-16,34.35379402477465,33698594020.455296,1939668585.310552
2021-03-17,35.65040902655968,34537765726.02906,1616622960.744138
2021-03-18,36.29445282846255,35349519331.46919,1407907457.9845605
2021-03-19,35.52301948450725,34684937913.02223,1130555670.2476015
2021-03-20,38.21625368340663,37374066395.85471,1816822876.654633
2021-03-21,37.50484443787796,36835725243.02955,1624244017.1843762
2021-03-22,36.76510168485797,35952735874.87629,1282812882.4768355
2021-03-23,35.517977330046804,34774273754.16565,1238649934.2621312
2021-03-24,34.28626821871331,33531597127.33813,1146831543.568595
2021-03-25,30.570941813601564,30045752287.980137,1939572978.8947408
2021-03-26,29.71034233119792,29046963177.401066,2380374370.5190663
2021-03-27,33.12929964007773,32342912958.142776,1302279715.734496
2021-03-28,32.623518813998444,31949432348.545704,1081995006.209691
2021-03-29,32.170750958622584,31468649102.246227,872725521.1743374
2021-03-30,34.326400141737494,33490535900.76816,837849935.5380555
2021-03-31,33.925085875005024,33200100559.216576,972088014.2611276
2021-04-01,36.88846964991404,36315780875.424095,2749780924.550207
2021-04-02,37.62466260171384,36943423386.29301,2112188584.2797935
2021-04-03,40.9438709604607,40042895373.819046,2109672607.7135744
2021-04-04,41.70150320376947,41035684386.907776,3953738785.6009393
2021-04-05,44.23991890458163,43038662965.1209,2203439508.717633
2021-04-06,45.60830000404968,44120784681.11852,2101421530.2666876
2021-04-07,43.42494300781044,42688387270.04445,2250595124.9908485
2021-04-08,39.7504883353942,39229624713.84908,2407805210.9192314
2021-04-09,41.40897804173473,40700735346.47808,1386402238.637128
2021-04-10,40.78441349825649,40088795175.58917,1063984405.5106468
2021-04-11,41.59194183003013,40822769763.2672,1301909092.0272765
2021-04-12,41.37856473210077,40683743856.07151,1220208465.547585
2021-04-13,40.5573365714278,39897746204.72769,1426647376.004758
2021-04-14,43.222210275480606,42419688929.98856,2159038658.702956
2021-04-15,42.49790062069117,41865671360.1488,2399471936.926012
2021-04-16,43.52043820016024,42864935181.02473,1865431184.08903
2021-04-17,41.51273907303092,40968120748.56171,2098476058.2316208
2021-04-18,42.40896113698797,42045360704.400856,3622543924.235522
2021-04-19,37.3734056067233,36963739593.6074,4664575738.97489
2021-04-20,34.82115668267041,34547573875.09173,2183490705.6617746
2021-04-21,35.414477916826065,35052437008.23122,2535369660.112585
2021-04-22,34.01561845397449,33656812078.590767,2067143570.5438857
2021-04-23,33.24205546321306,32837988741.58565,2727362562.7818136
2021-04-24,32.377708870905025,31955227311.01955,3692974457.242997
2021-04-25,29.138478823748244,29164117673.32493,1790187521.1027155
2021-04-26,29.77071633647868,29386423738.55804,1426820530.317965
2021-04-27,33.46053388171351,32971528339.239902,2073188240.1405544
2021-04-28,34.538588734933114,34085016694.010246,1707353296.040809
2021-04-29,33.99294723198461,33465362480.344566,1727083451.9411442
2021-04-30,35.78168797918116,35125134676.12503,1671642385.883777
2021-05-01,36.55581656201138,36161115650.50087,2053574634.1266973
2021-05-02,36.895496256261175,36487497552.83189,1431056978.6740394
2021-05-03,36.6285627722494,36175071088.34755,1303233017.6899304
2021-05-04,37.31086830197741,36985789925.45359,1645143224.0203197
2021-05-05,34.66179715014015,34707954650.18579,2295521130.5770683
2021-05-06,40.56852655266073,40073630954.333496,2902362969.2338347
2021-05-07,41.51515689478929,41263884488.423386,3591760181.6557684
2021-05-08,39.92955918660888,39477322692.65792,2614452242.387992
2021-05-09,39.64457142823194,39197018807.0192,1539872559.5545456
2021-05-10,40.30508802482359,39960281498.6593,1960812614.728528
2021-05-11,36.69757742138309,36380576367.92715,2738737908.933777
2021-05-12,38.62921407206655,38213129449.26634,1978072269.6659772
2021-05-13,35.36632136089033,36142903315.04381,3297743471.4965587
2021-05-14,40.10454040127252,39682065176.0802,6028561379.2491
2021-05-15,47.33235363570565,46663358358.632095,4389158726.270394
2021-05-16,43.190023148615246,42873126463.91633,5670783483.435763
2021-05-17,42.495607764845325,41909567642.53158,3512522788.0849147
2021-05-18,38.46656477354152,38675535803.375725,3591393624.034624
2021-05-19,40.78449482314308,40700856754.28537,2964614890.0023675
2021-05-20,25.54743108791691,26212334807.34307,7440268038.0967455
2021-05-21,28.967655743659357,28603677243.810192,4887264993.644384
2021-05-22,23.886862196760717,23855622508.168064,4537200355.067695
2021-05-23,21.986431379821404,21860219890.87334,3027159412.6211486
2021-05-24,18.055571726141213,17830097290.168854,4240565324.877562
2021-05-25,23.06825628992376,22978156612.95417,3294658515.605996
2021-05-26,21.997749037508,21933881526.44776,2593578225.083468
2021-05-27,24.663574518122417,24531339737.5942,2295932465.490305
2021-05-28,23.994031084550947,24040296853.950665,1953660434.219988
2021-05-29,21.464260992226063,21392351948.632805,3163705196.799271
2021-05-30,19.91821668154229,20036900253.63005,1639713144.1522937
2021-05-31,20.42812252465196,20344660576.923485,1386880188.949725
2021-06-01,23.328086584213068,23254070863.818947,1916499739.732156
2021-06-02,22.902544778389903,22899347242.9052,1555014124.7382228
2021-06-03,26.167284395860875,26126479643.786804,2139089062.7504544
2021-06-04,27.234938171421856,27239991190.48918,2059836125.1783893
2021-06-05,25.10056065061593,25084953695.39406,1952268571.332295
2021-06-06,23.815643608975247,23680247755.592136,1415753256.4326484
2021-06-07,24.145890051847427,24156716111.00127,843204626.1208866
2021-06-08,21.39739256988473,21605113644.382584,1280241352.385666
2021-06-09,21.86519351195177,21896291632.897587,1698751463.5288625
2021-06-10,23.196555046160704,23303937957.99968,1452158373.0871491
2021-06-11,22.680029341910497,22853431521.80117,1437709901.7599847
2021-06-12,21.056524698640047,21108781102.469795,981770548.2225292
2021-06-13,20.847240009628237,21002014902.98868,962136083.1628792
2021-06-14,22.088991123662677,22042757096.994293,802526585.392608
2021-06-15,25.93495744173237,26018722804.42594,2102058923.7809916
2021-06-16,24.11981873706437,24229295867.459297,1499821201.2995615
2021-06-17,22.83454099821231,22887778579.919186,1132504108.432292
2021-06-18,22.554291981739443,22454000728.77677,830343796.1260432
2021-06-19,21.45525596949972,21545349132.29741,861812291.6179062
2021-06-20,20.382325917766163,20468951490.828773,624793482.9809674
2021-06-21,20.744845672595986,20817405498.417957,889911121.8767681
2021-06-22,15.781535531442344,15982853048.931553,1604155701.6824002
2021-06-23,14.627751874192958,14637302133.758291,2207447798.607186
2021-06-24,15.86142317528762,15964610514.042696,1395173769.7441962
2021-06-25,16.262421022046162,16337122561.43929,891444663.6233742
2021-06-26,14.747592275574856,14854414724.676348,863464620.4382737
2021-06-27,14.41927250471979,14370536477.857649,805461997.5952917
2021-06-28,14.976084280991744,15038775166.061934,616294782.9453921
2021-06-29,15.775887722002627,15872501595.64575,755671286.8360317
2021-06-30,16.279041729818577,16384626754.387346,935736808.1989928
2021-07-01,16.412002192338434,16512919235.466106,858783153.1010189
2021-07-02,15.281224095869002,15380656777.288427,585331700.7122605
2021-07-03,15.34228143954972,15419847509.992872,468816447.8059007
2021-07-04,15.507857021418484,15587592092.317818,433677879.5271505
2021-07-05,16.029758819607352,16202592095.968876,496919154.3013868
2021-07-06,15.31885654020041,15446939706.966549,574183925.1512223
2021-07-07,16.01125441862346,16110114515.52072,710889640.5946512
2021-07-08,16.84380170366391,16988955419.758852,1071108684.8823644
2021-07-09,15.380429468503015,15515383491.814346,803984948.9624517
2021-07-10,15.732674730640069,15876798284.279968,541920808.0654576
2021-07-11,15.36268352922368,15507578349.20516,420597815.0755611
2021-07-12,15.51696017943959,15659569354.397688,344870666.6668761
2021-07-13,14.934794068404925,15064043256.52534,448242274.993748
2021-07-14,14.14311380168296,14290203246.661207,392671006.92454654
2021-07-15,13.797801649099958,13918632889.9397,594320913.1156065
2021-07-16,13.04247296885441,13164575053.977856,559591550.8491681
2021-07-17,12.016875287601096,12135153029.810574,552734556.6652181
2021-07-18,12.274409909483534,12431619895.169931,602223527.0661373
2021-07-19,12.77284725809809,12904733429.225042,491685992.4581064
2021-07-20,11.539037723699147,11716868009.766188,633403592.1663936
2021-07-21,11.0743355718571,11192123688.695856,604314613.6823586
2021-07-22,12.401542039727646,12507872639.32874,943414148.436684
2021-07-23,13.262281874766463,13425897698.422424,855200965.5527009
2021-07-24,13.351105190817131,13516250007.12555,748669936.7785717
2021-07-25,13.846756807214286,13995021443.19115,647617803.3238002
2021-07-26,13.80111075819321,13977268609.217564,599123810.8506314
2021-07-27,13.94463912061858,14197666149.040764,1406472419.6280398
2021-07-28,14.326005804928336,14471619607.204191,924272223.9271412
2021-07-29,14.543284734722445,14744715019.364664,861496261.0001287
2021-07-30,15.236569038715562,15511762402.182098,859675435.1189196
2021-07-31,15.791851834578114,16020063316.840374,899105792.4212883
2021-08-01,16.912525912521748,17191651678.448353,970085119.0522482
2021-08-02,18.3233458957442,18560418021.78449,2222122744.8011594
2021-08-03,18.18533098596882,18581195437.747715,1322342228.4124486
2021-08-04,17.471733267876886,17745897142.51564,959709619.3894044
2021-08-05,19.1805497367464,19483236487.043167,1291235791.1619103
2021-08-06,19.140041901139757,19473342237.69863,1270447579.789482
2021-08-07,20.42446316253671,20766396621.81058,1293430028.7762022
2021-08-08,21.03524771687177,21265044607.579567,1269915497.355134
2021-08-09,19.742707991682025,20106626711.23179,1018656074.6366372
2021-08-10,20.62804403556566,20824372654.69003,1053844787.9927258
2021-08-11,20.653509906705786,21021462160.86903,1135180262.521386
2021-08-12,21.37773202804451,21760453709.923435,1462398351.259337
2021-08-13,20.76237423482401,21137761564.5968,1239209131.0266278
2021-08-14,22.604203176061617,22996186282.12132,1111594036.730999
2021-08-15,22.84491566328497,23372878955.12979,1157508341.238964
2021-08-16,23.111421610258507,23563334000.34182,944471290.0613952
2021-08-17,24.505600114092157,25452923777.416546,2081379320.9377131
2021-08-18,23.475585881540784,24159304429.401463,2580123102.601124
2021-08-19,24.217998883334403,24871121629.816124,1897698075.3012996
2021-08-20,26.39307969821538,26800386991.24821,1834951374.3786929
2021-08-21,28.11162896524324,28679131918.841976,1906428283.9811225
2021-08-22,27.98249951438773,28629606444.31811,1614836574.9771018
2021-08-23,27.76421923953403,28485595629.48397,1316710459.9558077
2021-08-24,27.874502464277278,28634802760.25213,1346642387.4207954
2021-08-25,25.155027283169083,25966214797.418373,1562256496.4319985
2021-08-26,26.047207844402852,26709687702.000237,1426104606.9529798
2021-08-27,24.3643860162625,25001420049.62348,1307436888.2346263
2021-08-28,26.547837050599668,27227356056.746326,1360622439.1787417
2021-08-29,25.99098096746212,26609443201.53512,829101579.1077722
2021-08-30,25.77658886830336,26402199659.960243,678938725.0418639
2021-08-31,26.00661198004802,26606852908.878548,1464426120.1452827
2021-09-01,31.69534711952069,32535963685.01559,4569057825.199612
2021-09-02,32.97277073071684,33822604572.48581,3159549414.572988
2021-09-03,31.864305506316025,32719602764.601856,1792704918.9237337
2021-09-04,33.43097155843943,34222384278.98811,1894789965.7705665
2021-09-05,32.488914403134835,33466123091.017315,1155544794.471392
2021-09-06,34.274432165434725,35142925872.48066,1262460653.608827
2021-09-07,34.22739903407088,35143731453.00108,1659932503.4548569
2021-09-08,27.926488890687644,28688050254.74506,4111825922.313873
2021-09-09,27.531978243944284,28490126294.132744,2523472271.321018
2021-09-10,29.689510289564407,30643022045.922634,2236812413.367374
2021-09-11,28.996715238323496,29788383579.59864,2729974247.8725038
2021-09-12,31.43064687183972,32286865041.88081,1677342484.665311
2021-09-13,35.75990641335851,37027846170.79269,3341446624.441163
2021-09-14,34.81777544563242,35812324937.10864,5604723293.868191
2021-09-15,37.53172439963404,38788253004.43867,2939726407.270585
2021-09-16,36.32933883533318,37410339125.7701,1625848750.932562
2021-09-17,35.549524255890255,36546026114.95362,1710265888.0050788
2021-09-18,33.09227314887529,34034533042.46009,1782611570.3137794
2021-09-19,34.934410728513505,36039068294.78999,1327354227.9320111
2021-09-20,33.7407233723622,34807420627.91072,1019941670.7607338
2021-09-21,28.333626600911884,28858484282.205788,2884063141.216121
2021-09-22,25.94204388623756,26596968281.658463,2393207898.4139647
2021-09-23,31.41067815412838,32330431374.67911,2179016958.3430533
2021-09-24,33.464521782542995,34457686867.44408,1701994083.1513853
2021-09-25,30.768722950317557,32097307439.380383,2858400513.0512323
2021-09-26,30.04378117695469,31000841342.569416,1508016469.170687
2021-09-27,28.73970131790469,29660694061.66691,1910397670.076767
2021-09-28,27.67820657740941,28750637839.83791,1239547492.5131752
2021-09-29,26.225564399871853,27312849334.235485,1133874857.211548
2021-09-30,27.327637141304372,28251846107.37401,1141653463.512733
2021-10-01,28.618114087839533,29647004904.201897,946076212.7442868
2021-10-02,31.978847883259032,33124711534.88856,1539100178.7016811
2021-10-03,32.19539836627864,33366977888.09331,1093592994.3993373
2021-10-04,32.200486900159035,33433185196.45586,981313959.1390125
2021-10-05,31.185245935073063,32355047103.451736,1068187920.8816576
2021-10-06,31.541054456229364,32811530483.49409,1153342607.52326
2021-10-07,32.485705866217415,33631272711.70877,1673853881.1569786
2021-10-08,33.83145977239081,35072084816.551285,2437285587.375258
2021-10-09,33.370044760833935,34620498524.94477,1340022268.8006043
2021-10-10,36.37369846838656,37802353613.87512,1629814362.5436416
2021-10-11,34.34298721225934,35710512172.95275,1612950927.4838629
2021-10-12,34.113785679254384,35325841250.25503,1433542116.6139305
2021-10-13,35.13048155416554,36538467935.6122,1663686691.70196
2021-10-14,41.72781217437264,43402384032.36916,4527734457.71567
2021-10-15,40.72059212201172,42297076381.17521,2834739999.404916
2021-10-16,43.5866296137355,45369612052.93674,3340306020.12635
2021-10-17,41.968290433109175,43859273192.05522,2044464416.564224
2021-10-18,42.12994623897843,43742927172.28111,1678390358.3639565
2021-10-19,41.14152379788144,42776996273.43379,1670187843.7146287
2021-10-20,41.42023049372784,43172393924.76975,1362586696.1227024
2021-10-21,44.55324022965871,46502735484.6576,2051643382.724359
2021-10-22,43.00191330948035,44853525407.92835,2259319122.651668
2021-10-23,43.76861008364971,45743493577.48053,2422252174.461146
2021-10-24,44.12639396425712,45949461091.81612,1133605760.268365
2021-10-25,42.52360241274431,44266068982.239525,1174173107.44725
2021-10-26,44.59331921239614,46565972980.72428,1262328203.4107306
2021-10-27,45.302770817549685,47076289145.00864,1663350142.7556872
2021-10-28,40.48819618495527,42320923634.55647,2822544773.7466774
2021-10-29,42.07344049828672,43915913929.21665,2837544491.9542346
2021-10-30,44.12376816409454,46048093042.8942,2174026709.4708204
2021-10-31,42.736192329791095,44630826101.60116,921954043.1230278
2021-11-01,42.81690939370991,44886129168.90644,1166429150.468254
2021-11-02,50.09269045865121,52530888832.48173,4318501726.145254
2021-11-03,51.27829191261836,53365191562.93175,2182640237.254208
2021-11-04,53.33615766815946,55783091481.4853,3252716884.514119
2021-11-05,54.14285984546231,56578310063.02544,2697750494.53814
2021-11-06,51.99074565799904,54378059923.01447,1720857363.0911849
2021-11-07,52.07770442889012,54554740326.24517,1627969789.0787375
2021-11-08,52.39636639694776,54856754672.34203,1340475200.625873
2021-11-09,53.39305737496087,56053826261.21133,1651861930.014712
2021-11-10,50.96942903851561,53615095611.95095,1748304840.7502017
2021-11-11,46.99648883017275,49245687240.40879,3042657593.423193
2021-11-12,47.82785067139819,50255317535.37581,1783298683.2010467
2021-11-13,46.11537592517483,48284481979.40985,1891156861.5722303
2021-11-14,47.275224791841616,49560802050.11947,1068657955.267484
2021-11-15,46.59144271186327,48616511838.581566,844253258.6828798
2021-11-16,44.93714053035325,47241284463.34242,1101847678.233345
2021-11-17,41.18319811384895,43398597488.69447,2820151302.868465
2021-11-18,42.6861490104601,44819576742.965065,1788604885.741558
2021-11-19,38.926188899914,41137039675.12412,1985512677.7768087
2021-11-20,41.42920166167476,43630032597.80758,1421375199.7158933
2021-11-21,42.18478608668797,44503624182.3523,942752211.5820888
2021-11-22,42.58084389913225,45167296661.409134,1105619165.4750638
2021-11-23,39.46031392069308,41758139803.88602,1273900351.13475
2021-11-24,40.89380081135477,43155813816.60871,1022163840.9830972
2021-11-25,38.338259845831686,40623954497.32558,990884789.2227674
2021-11-26,39.3973876308258,41769419055.51868,1061523199.1464256
2021-11-27,34.607328982708594,36623738524.83695,1990184283.7149525
2021-11-28,34.95133852170145,36923137591.07219,879872172.5632542
2021-11-29,35.64442850483728,37772947847.735794,1345484276.184666
2021-11-30,37.1882620027123,39610271572.13685,1096283142.8420017
2021-12-01,38.003426416904354,40350744977.338905,1373406877.464189
2021-12-02,36.69905708848537,38940235497.91298,1100787168.1851666
2021-12-03,35.72071372962105,38020300996.14989,870059822.7496377
2021-12-04,33.797058582536444,35994478947.066925,1176870278.2351947
2021-12-05,29.277802791950165,31100610008.46488,2556537289.326508
2021-12-06,28.290659708129795,29998972084.677536,1275046140.7495067
2021-12-07,28.275803567681336,30045183844.325577,1738242139.5823915
2021-12-08,30.343726589287844,32206355695.974754,1579164770.1548488
2021-12-09,29.81682528014429,31627251203.396294,1181804681.8365912
2021-12-10,27.014186624811703,28884963331.47965,1069872318.3930649
2021-12-11,26.557637832512125,28443367930.50603,1215820047.05959
2021-12-12,27.74464744086527,29507420179.870304,1053957136.113929
2021-12-13,29.5600373761154,31425235076.101345,754187548.973305
2021-12-14,25.932313811594845,27635661681.994724,1099903245.3700864
2021-12-15,26.18198352434353,27776696297.039307,1035781763.9881892
2021-12-16,27.231332106149463,28682452365.937973,1427962620.7600164
2021-12-17,26.002561395415963,27675798693.906647,1297342225.9638927
2021-12-18,24.76511211431636,26416068626.61753,1006604899.8237394
2021-12-19,25.55648562112267,27260000560.942574,750325433.6941878
2021-12-20,24.802747465478337,26529707389.43836,618517652.2460241
2021-12-21,24.23642926385144,25931679868.20374,789581277.3226116
2021-12-22,25.274795319137755,27078881471.485497,752694540.9301143
2021-12-23,27.288277179201177,29167743983.92905,1160469145.6087036
2021-12-24,29.239632207049347,31173032224.78567,1315971444.8437622
2021-12-25,28.157889269866587,30096279470.711548,876002452.4345791
2021-12-26,28.94915717480624,31022208369.71725,562403880.4516754
2021-12-27,31.420552375463284,33550554796.09437,1385818214.8027556
2021-12-28,31.046054786643506,33302241419.428368,1440198029.352226
2021-12-29,28.030041142425592,30133454586.661674,2004953651.9929783
2021-12-30,26.74692141055144,28482916518.77573,1417025633.0025003
2021-12-31,27.53836772217654,29412068041.195526,1056266379.5992932
2022-01-01,26.737095973322056,28732998502.746277,1029198943.9670718
2022-01-02,28.641423056433503,30517681838.453594,650806340.6952845
2022-01-03,29.76663909151273,31944115354.77421,1076715455.9372327
2022-01-04,30.15170108918123,32436340090.242737,1461765935.1203914
2022-01-05,28.85560896706936,31537656135.75426,1312142515.8722837
2022-01-06,26.88794754649635,28936275424.478165,1517014108.0554445
2022-01-07,26.81810933164343,28843259208.714306,1281481231.3562808
2022-01-08,24.966617574613625,26779237851.543533,2220537714.3123727
2022-01-09,24.051793062157824,25923977117.20303,1258983747.847014
2022-01-10,24.65132946490016,26407621531.276527,1087184419.1135013
2022-01-11,23.773314178362128,25456977504.43002,1414107986.2645206
2022-01-12,25.549876615214743,27475553928.56419,1276554183.5632813
2022-01-13,27.349144715858586,29399262365.304707,1159766365.0459332
2022-01-14,25.836341318657578,27917785563.580727,1118039838.09577
2022-01-15,27.748763536504452,29684561956.36822,1484988317.430836
2022-01-16,27.778986859944958,29895862458.44073,915517798.381983
2022-01-17,27.738117191121205,29789790006.807438,1049845646.3621528
2022-01-18,25.75150585821581,27670413006.059025,1170420006.1762898
2022-01-19,25.11805341100664,27020370467.037605,1087004448.6463797
2022-01-20,24.16278136450033,26125537293.84224,957657579.364165
2022-01-21,23.02433121117125,24969517569.592182,988320911.00652
2022-01-22,19.574187609576683,21173684730.274296,1979544572.036382
2022-01-23,18.28708783426802,19674934664.12584,2455316924.7197995
2022-01-24,18.80267115693981,20234576752.466,1420665035.5397663
2022-01-25,18.126485578434096,19558589660.8442,1955649017.7112184
2022-01-26,18.5395852346935,19987558900.912,1234858143.1858609
2022-01-27,18.10492562402364,19665313790.58067,1451660664.4299476
2022-01-28,18.18946807468125,19501146889.39568,1020174861.693886
2022-01-29,18.372851407945653,19806520731.82455,820374496.7826016
2022-01-30,18.76352083387839,20151361693.38701,607122616.9946909
2022-01-31,18.22153687151452,19651471274.50926,605567191.7940992
2022-02-01,19.456703840135145,20922623770.2995,943068662.2311252
2022-02-02,19.64032263624118,21259400427.022354,897937499.674754
2022-02-03,18.84269861214864,20314239323.80025,981092196.1154816
2022-02-04,18.76318690237329,20253940808.552387,747076284.5884506
2022-02-05,20.49371484142508,21920795400.66965,936097374.8445774
2022-02-06,21.410655041263617,23208237609.594383,1078480125.1055317
2022-02-07,21.93454476389413,23630077327.0498,669179973.8590842
2022-02-08,22.421151190170697,24285830156.680973,1094307998.8477252
2022-02-09,21.71696026276189,23527048022.776836,1178072579.252564
2022-02-10,21.958282792374536,23774347905.930065,727651466.613877
2022-02-11,20.665904642186756,22480041052.51269,1058676685.0210963
2022-02-12,18.98356987116232,20572029325.256985,992204806.422716
2022-02-13,18.815152462515293,20347060821.402138,702583071.2979032
2022-02-14,18.840796816073365,20286774145.390427,520320760.0056092
2022-02-15,18.732314169743915,20330586905.798527,605860012.7828761
2022-02-16,20.167527228360356,21989212429.833023,648661043.8032804
2022-02-17,19.83169310415672,21632674348.359264,651228108.5882292
2022-02-18,18.123878114571923,19666147141.288696,729682828.0764459
2022-02-19,17.86887473067776,19440501172.63612,662062096.4864421
2022-02-20,17.926197744256044,19440770227.12013,431248077.2874277
2022-02-21,16.948377603477436,18571831871.01635,654237821.1593908
2022-02-22,16.212967526787747,17594587959.022434,939691993.35482
2022-02-23,16.581915190362093,17917639268.337646,823757048.9395145
2022-02-24,16.036832530428047,17465416910.19338,918406607.3870811
2022-02-25,16.104118842758016,17503655353.218777,1685419680.7506614
2022-02-26,17.310035168644806,18908136701.35744,902436424.7650348
2022-02-27,18.006637522495673,19504595248.591766,1059446587.4252288
2022-02-28,17.51614278663639,19052243735.017506,987126257.7958626
2022-03-01,18.943247857401637,20606771091.38648,1335777108.4068086
2022-03-02,18.87702635955203,20556858846.83824,1246786555.9126437
2022-03-03,18.60804594871257,20289899683.26244,841557855.3766359
2022-03-04,18.03471783366769,19677291867.65052,793303761.699699
2022-03-05,16.784881153845042,18360963628.26125,814224107.9201245
2022-03-06,17.330377141911068,18883862709.2341,611717395.9555771
2022-03-07,17.01198949977739,18560720716.930275,583143137.6472855
2022-03-08,16.426913670743733,17862554741.695995,738284001.6916823
2022-03-09,16.945346784357945,18508887744.591454,683767994.0548117
2022-03-10,17.876245857159546,19560678405.51668,692867521.3571929
2022-03-11,16.985958823787616,18530956722.802334,601179816.7222946
2022-03-12,17.743647828145413,19500591095.31881,907000023.3657292
2022-03-13,18.150935728455437,19856321187.00703,700110604.5677758
2022-03-14,17.234219464598677,18826508207.97311,466836866.9741612
2022-03-15,17.68738785594418,19307388269.832638,513960792.2023474
2022-03-16,17.828163307983015,19542246751.84596,483167184.41158473
2022-03-17,19.055584448057218,20882474607.95924,863021898.944217
2022-03-18,18.755074123220066,20515847616.429146,572900134.7396764
2022-03-19,19.01395775408254,20852676356.84929,538421869.0531887
2022-03-20,19.34596806110183,21161039415.237484,599135365.0360895
2022-03-21,18.64579860180783,20430937897.518436,489026278.9227384
2022-03-22,18.788263823872484,20555627493.3572,510297791.8167285
2022-03-23,20.365777074518867,22375580025.085613,858765012.0841838
2022-03-24,20.98047054950209,22917058256.87239,950162625.406149
2022-03-25,21.210356404656093,23287483814.445496,871015126.7953657
2022-03-26,20.547025200525564,22536737974.604527,706999483.6571165
2022-03-27,20.8739438123419,22895536369.104588,424587521.0171155
2022-03-28,22.38661684964733,24508515096.40211,610987177.2090095
2022-03-29,21.914457883187087,24285077478.31352,1042448625.984414
2022-03-30,22.403552309898597,24458395644.50601,982288122.1198188
2022-03-31,22.51201178519757,24764137740.674706,926646920.3787512
2022-04-01,21.318705302765,23348056183.67952,986419411.9764844
2022-04-02,21.996761615732268,24107462117.789444,958748664.9312756
2022-04-03,22.684900908599285,25068600693.17969,1196992957.9850526
2022-04-04,23.193205512290056,25454146154.2081,925170103.2173432
2022-04-05,22.560434275454405,24809702948.170696,924348637.4240116
2022-04-06,21.843016612182463,24170810469.617386,780485513.9069963
2022-04-07,19.89700107558607,21884023993.94301,967317926.5029364
2022-04-08,20.441624053567303,22592140089.39074,669734254.5340466
2022-04-09,19.3675905584022,21245308735.687397,624597827.4739991
2022-04-10,19.792656880328018,21776656313.102512,375847571.66456026
2022-04-11,19.331487558951697,21519585779.975437,458928408.4588878
2022-04-12,17.182499771391125,18983230927.236343,807966452.0830128
2022-04-13,17.817527483368114,19652345191.89618,610671782.2777971
2022-04-14,18.206153438222977,20085251304.51666,513878512.39558345
2022-04-15,17.954475956169055,19820298510.02851,531799292.7406566
2022-04-16,18.379594847435797,20276872295.4029,417489722.8127524
2022-04-17,18.660527306495563,20627331273.634712,338970682.95782435
2022-04-18,17.783716538513406,19583307840.980343,360271198.2521864
2022-04-19,18.17877708890052,20073661890.90424,565624303.9900763
2022-04-20,18.89087581721998,20866279144.09492,450524783.6556457
2022-04-21,19.088467611153188,21075560676.450333,681706472.1225206
2022-04-22,18.18472037750706,20078291029.14981,610473534.433647
2022-04-23,18.31857023588711,20274065116.59976,500418741.45423335
2022-04-24,18.7413193878662,20796207821.71585,501125213.424789
2022-04-25,18.160653932275427,20144224683.236816,431280288.52969056
2022-04-26,18.128100926600588,20042103389.29254,640029499.7165745
2022-04-27,16.610705695593627,18334870751.213654,608182597.014722
2022-04-28,16.93827653241623,18737295016.70675,466016977.0009809
2022-04-29,16.982954466317672,18764543676.722324,469832988.98866826
2022-04-30,16.17424077241381,17863328168.972263,447859503.0043744
2022-05-01,14.569888162040202,16077408003.321634,533768189.4936618
2022-05-02,15.41877382499901,17115974747.519098,566782282.6168377
2022-05-03,14.992753076070642,16595396688.372225,538576541.4047321
2022-05-04,14.727361922722716,16336234645.316236,375587076.8569146
2022-05-05,16.292368065665716,18086809036.753685,604596716.3630756
2022-05-06,14.598846299024531,16139787079.44338,770366270.3320502
2022-05-07,14.355717785177836,15902171731.291216,666420063.0669165
2022-05-08,13.800376804821555,15342351275.278414,435899397.53231937
2022-05-09,13.22936099121686,14693132680.216925,587559187.9237889
2022-05-10,10.801429785440924,12052264545.716862,1221147645.002189
2022-05-11,11.325014505908833,12523107067.912542,1373396700.0395489
2022-05-12,8.901204052865326,9740921015.694233,2052805582.575399
2022-05-13,8.769325238296613,9672794814.103231,1330860993.6132803
2022-05-14,10.4879764448722,11547696159.158506,1485101669.9979768
2022-05-15,11.37609195242141,12731953528.881876,1032886423.6067916
2022-05-16,11.800640817629374,13088251956.97884,737142046.4429593
2022-05-17,10.661734977316367,11874243350.516064,679048385.0595918
2022-05-18,11.053819427499077,12319610110.939802,589327512.4078904
2022-05-19,9.517212484127024,10641628789.46398,664994046.9796052
2022-05-20,10.07163545677334,11217941457.897118,664760747.256002
2022-05-21,9.695758499813332,10809968711.678556,474118252.2812381
2022-05-22,9.99688541163415,11157329579.411272,281874137.5877274
2022-05-23,10.189629881421922,11373307300.649183,350967436.47877896
2022-05-24,9.917950994206556,11069201694.498749,666619486.6452429
2022-05-25,10.197008650448218,11362810071.348871,446644494.0847582
2022-05-26,9.855449944611918,11001255600.649736,401058791.2259247
2022-05-27,9.198261981785189,10282583415.737362,676496224.0061575
2022-05-28,9.13874862040733,10192458909.114304,895069085.2552017
2022-05-29,9.695152233273474,10862046854.90491,384380632.6241109
2022-05-30,9.986166924880612,11168390882.839825,362425595.7607218
2022-05-31,10.461842809318217,11690276218.36792,522596182.88481176
2022-06-01,10.448283148141524,11683748015.891912,537525366.9990507
2022-06-02,9.4842224685785,10621419565.291458,582914758.444155
2022-06-03,9.896299945398498,11094518595.9362,428346299.65681297
2022-06-04,9.372006368573782,10450662464.77977,344577333.1850279
2022-06-05,9.436263733449625,10530959378.61234,229554477.1705427
2022-06-06,9.338347728064072,10483265818.921629,200116189.3231888
2022-06-07,9.472049966781285,10627685062.193472,353038223.04368776
2022-06-08,9.245287369128352,10377514374.978031,360635212.5797018
2022-06-09,9.000860375425932,10092888732.36357,272545740.6317595
2022-06-10,9.224408429940054,10343193899.88632,303952508.1174619
2022-06-11,8.656938948250048,9702915948.225164,389959553.4516226
2022-06-12,8.007773894291699,8976559550.963488,380922783.0963164
2022-06-13,7.450027957000497,8431247007.134336,458133743.8870508
2022-06-14,7.001810875279709,7774561604.468859,894612341.9765085
2022-06-15,7.379032716449845,8291133948.242304,720864697.4473226
2022-06-16,8.516714356116118,9514898970.918207,914920363.8200166
2022-06-17,7.105844592665794,7956220111.036415,536050086.9674976
2022-06-18,7.325464174931059,8244703664.961858,358960490.8294395
2022-06-19,7.068027828135199,7910999673.97284,478129359.6275283
2022-06-20,7.504558358292622,8418274234.958723,413627572.8865504
2022-06-21,7.894626280316918,8896278057.431814,409754603.9106185
2022-06-22,7.736855254831152,8703533941.397642,355538111.64542514
2022-06-23,7.419624804433869,8352025120.433854,337528816.3887432
2022-06-24,7.806285623861093,8765113684.228264,366090684.92139626
2022-06-25,8.21567426052568,9310880004.037724,425787143.6079469
2022-06-26,8.135501883565913,9146371513.872196,305775337.79692847
2022-06-27,7.861850137967533,8830347150.935154,252563578.6190557
2022-06-28,7.72479055629487,8715938811.850235,319318615.45482194
2022-06-29,7.29512308847008,8211808453.80647,402816957.71528274
2022-06-30,7.002323505207497,7889820786.128837,502776117.9697008
2022-07-01,6.970042715539203,7768769566.469388,496017030.3269717
2022-07-02,6.789762340578334,7701931883.212687,566020493.5375553
2022-07-03,6.827235670454218,7702459312.37924,311046060.2183726
2022-07-04,6.849241180089714,7729361697.777877,253032931.4166357
2022-07-05,7.169210518110505,8094267844.248962,382160091.170678
2022-07-06,6.840206443166161,7725625501.466356,557284693.3615872
2022-07-07,6.932599081682027,7834963151.533634,428661695.3259533
2022-07-08,7.320223383970988,8267394078.282055,465486302.6211283
2022-07-09,7.138690731338326,8072722719.230238,502296515.5576052
2022-07-10,7.2620836518951455,8217252048.741429,367312857.4197307
2022-07-11,6.853636299733879,7739133741.493705,389912956.6004521
2022-07-12,6.548562170533149,7409676236.823709,290393929.6148746
2022-07-13,6.299920689741761,7195524647.333159,274438888.38976103
2022-07-14,6.466718030554244,7315148414.477521,352705738.2931848
2022-07-15,6.722033479422479,7618273743.548126,307959821.0872256
2022-07-16,6.803514529364242,7696476702.795513,323795323.9091801
2022-07-17,7.18065831222768,8127524864.645293,337773085.79517287
2022-07-18,6.941678186836009,7882982690.455788,285755326.44660366
2022-07-19,7.663547079988968,8623146904.758888,577567571.1279551
2022-07-20,7.805428675874703,8830877481.74446,746242075.3136312
2022-07-21,7.494747923839123,8511024502.724661,591571953.7072768
2022-07-22,7.522307681331509,8536024949.0963,381438899.5874412
2022-07-23,7.305335424196388,8278054689.219274,409965947.3129851
2022-07-24,7.350939101233989,8328034192.180636,316796653.0903045
2022-07-25,7.418171973435616,8459820440.84062,334141235.42908055
2022-07-26,6.801378054710406,7794274433.176702,389825980.9307424
2022-07-27,6.761483215626529,7673308433.411879,355891139.6706352
2022-07-28,7.561940666246688,8500895624.267787,476702692.01840645
2022-07-29,7.856758845650289,8926076457.834269,731958391.0652231
2022-07-30,8.254099425235934,9493813839.320831,704624822.1397939
2022-07-31,8.223237506460018,9353641329.186054,652019084.5777812
2022-08-01,8.676722318164812,9891619918.31536,800855163.8112267
2022-08-02,8.182566038730137,9287964269.291164,637064108.3820356
2022-08-03,7.987130875742656,9112943029.573923,616047227.5401912
2022-08-04,8.019968326257795,9104031869.777122,497363617.2538427
2022-08-05,8.105913518219932,9201056896.420918,370664603.7015763
2022-08-06,8.782313243874109,9973892090.0524,493509572.10535455
2022-08-07,8.535766619734408,9715932783.413113,359906898.4779536
2022-08-08,8.645826921981477,9848633511.008566,316791951.5772106
2022-08-09,9.293793478167029,10600715580.037603,680460985.7296546
2022-08-10,8.907662578820101,10124535855.600485,1793771726.8006394
2022-08-11,9.48881502302354,10784370405.833023,821049280.8519104
2022-08-12,9.20188465941366,10498493245.224518,666188098.0228884
2022-08-13,9.480567462863045,10800522855.660025,536717872.361275
2022-08-14,9.304670048983118,10607878198.480349,349277713.0658586
2022-08-15,8.955954355161216,10239352122.824654,410218267.5534377
2022-08-16,8.811939800005115,10054037534.143885,443748608.9142957
2022-08-17,8.863559569845178,10091757471.36399,361783935.16488737
2022-08-18,8.370952417932997,9573334762.97622,434704289.0953314
2022-08-19,8.104153247573388,9280116805.423048,321099596.183252
2022-08-20,7.336196407991564,8387928914.140771,468975086.5816764
2022-08-21,7.234957915613337,8257720937.426555,325902403.56033987
2022-08-22,7.456335865567314,8539197111.170634,239159522.8705295
2022-08-23,7.402169823069187,8450196394.7235985,293458774.69653
2022-08-24,7.65794979782759,8747771938.814651,328997051.524054
2022-08-25,7.581044670572473,8681481222.76114,270013995.87179303
2022-08-26,7.59438701810938,8709104447.676794,233753956.12490517
2022-08-27,6.937489346438347,7910360418.702681,338509659.2806309
2022-08-28,7.062807230819954,8094454288.933932,264326212.124532
2022-08-29,6.895424792064857,7904906863.210184,192071231.52542436
2022-08-30,7.290118968272859,8360169420.422865,278447038.2182569
2022-08-31,6.984391608517394,8053688426.145474,264676362.7892612
2022-09-01,7.019343630471642,8041149795.790877,239489891.2733127
2022-09-02,7.193081069206047,8244074802.016993,267990947.572671
2022-09-03,7.3019734403613725,8363690740.074321,349647674.49128175
2022-09-04,7.276799953721473,8358887669.340904,197241570.15928125
2022-09-05,7.374550409292204,8458100395.998685,215999275.7426145
2022-09-06,7.362505243906269,8448942576.525926,294534221.9765169
2022-09-07,6.892565163556254,7927675072.449328,395188284.9799877
2022-09-08,7.202308390586858,8281145104.426949,317512665.2320209
2022-09-09,7.395360164932129,8494892119.744665,336043666.79299015
2022-09-10,7.762750555283015,8930263758.923895,357445285.7066698
2022-09-11,7.794452310539513,8963321266.752571,273468652.7839261
2022-09-12,7.685712587696711,8842559955.013815,249226804.14856288
2022-09-13,7.643022794488279,8794425064.494183,418330939.99678606
2022-09-14,7.085115986076175,8153896049.837282,423497658.6158054
2022-09-15,7.213760436420992,8287223105.581056,288042764.5222527
2022-09-16,6.925994666672714,7986527235.292601,331917684.92857593
2022-09-17,6.885169664119995,7930762988.751271,281326251.4442499
2022-09-18,7.062033609787554,8133724043.01097,200117947.7609119
2022-09-19,6.451319275569396,7444358864.841,304668233.4065653
2022-09-20,6.400147682393467,7395756926.515954,374381504.5999829
2022-09-21,6.2735544717347125,7234401006.965719,249671892.2024936
2022-09-22,6.15507954434087,7090934908.920663,378987568.4380466
2022-09-23,6.459199231132459,7443065137.032053,261158472.98531905
2022-09-24,6.4387239867675765,7456703132.509926,338069357.26604915
2022-09-25,6.279193352283581,7251574448.160442,204567906.99327344
2022-09-26,6.2090362798894345,7159920013.085959,189022810.3120595
2022-09-27,6.537305452547308,7540850498.713729,373281606.8910396
2022-09-28,6.385907691464419,7385624069.108253,320786055.5385544
2022-09-29,6.402230753147547,7403608529.936789,252245048.66838983
2022-09-30,6.424362258931859,7428715004.611359,248460354.2730084
2022-10-01,6.318884540630228,7310803464.732821,310145298.629885
2022-10-02,6.270177916210261,7252843118.61635,171677814.68415865
2022-10-03,6.175004031977384,7166319648.00176,192661765.0237451
2022-10-04,6.382121662764067,7390559332.246163,222801270.31950396
2022-10-05,6.495634012286242,7531801921.44372,199914235.40467995
2022-10-06,6.434243088786229,7453510738.65797,194188039.11389047
2022-10-07,6.335205166710474,7342580757.52559,199865910.5473672
2022-10-08,6.303039128782252,7296315268.650179,184577625.44787857
2022-10-09,6.307248429872796,7309051485.728786,126797316.37634788
2022-10-10,6.474215515030945,7491730312.181772,162194352.24792752
2022-10-11,6.261375650357296,7274219535.160056,196475554.4770108
2022-10-12,6.178437206667696,7161888672.234232,179637147.53118715
2022-10-13,6.170286131792819,7157412350.284423,143942887.81035906
2022-10-14,6.118107126071069,7114842219.699822,326897884.2909971
2022-10-15,6.04829693364568,7009033707.780369,200870897.6133684
2022-10-16,6.053848659488938,7037781206.478399,128879776.90124626
2022-10-17,6.187909002854843,7180379823.719873,154968669.6137633
2022-10-18,6.26190922076587,7273858475.315711,181727224.5362455
2022-10-19,6.159840950533676,7166066151.390535,197244682.70468947
2022-10-20,6.100192535102491,7106619182.888053,235306968.93755448
2022-10-21,5.879164097467845,6835261335.235466,251460220.00984743
2022-10-22,5.831333073776765,6784441834.768565,335658828.3124936
2022-10-23,5.849650890164364,6805293108.55777,226793996.6026821
2022-10-24,5.959396740320037,6924787993.258908,225723711.88938487
2022-10-25,5.908162457565343,6878576580.041779,247486445.18301448
2022-10-26,6.4487343859863415,7511228760.251265,424831161.077615
2022-10-27,6.472561100006428,7532505304.806425,314755284.2109196
2022-10-28,6.341407609886782,7395895635.919502,307410462.9211887
2022-10-29,6.520146600462493,7600020160.998655,270925964.7311389
2022-10-30,6.628612882300657,7721226925.995076,329448106.5163732
2022-10-31,6.646905931405313,7738753670.074439,247616521.25816256
2022-11-01,6.629761481159746,7737917244.89008,374068126.8039857
2022-11-02,6.470919304139706,7552494492.212819,323537949.2378855
2022-11-03,6.248053129263109,7292225645.392948,447817125.95940685
2022-11-04,6.420972532569684,7497048063.387318,400845031.4002077
2022-11-05,7.070667814964063,8273263731.217569,596760256.7645359
2022-11-06,7.019881861679114,8216821124.383448,524853725.396456
2022-11-07,6.8191786227324425,7966513124.659842,386646382.141361
2022-11-08,7.119434896729182,8316417040.695849,580552457.0833167
2022-11-09,6.305819529634667,7404280923.670162,879258826.5510267
2022-11-10,5.387935014686499,6303598459.159675,803851322.3157233
2022-11-11,5.959795503990238,6961553364.684112,604308002.6599672
2022-11-12,5.777985907411939,6726484884.002696,408619625.7361751
2022-11-13,5.77407449492291,6746201815.205456,218809784.92624253
2022-11-14,5.751572408119209,6704558947.326855,242972818.65175647
2022-11-15,5.862457337190748,6876430506.280473,276137142.5529776
2022-11-16,5.924926486568587,6940011819.542353,165930249.8254998
2022-11-17,5.7227420952101085,6687686885.227982,167588762.1354588
2022-11-18,5.681003680598559,6651305250.237583,152595562.8398643
2022-11-19,5.645948553150153,6613047607.886468,134814487.54958668
2022-11-20,5.607460544771688,6575422956.353078,108869520.2521429
2022-11-21,5.299733010902535,6221134508.195583,185142127.93378395
2022-11-22,5.199655615266775,6104721832.339722,264092333.7038404
2022-11-23,5.273028337640404,6201634999.630893,256645938.64162105
2022-11-24,5.443165190559928,6396647767.929542,217511018.5492946
2022-11-25,5.388974510527179,6333228095.393261,204620001.1654192
2022-11-26,5.2749698281683015,6198914851.987527,153951955.45882332
2022-11-27,5.302373502924272,6228037334.711208,156187905.47392622
2022-11-28,5.303442076324324,6241962286.791979,130401784.3597588
2022-11-29,5.133673027053566,6033193288.246444,216249541.85636505
2022-11-30,5.3128897441199125,6246844054.861227,189434131.7729132
2022-12-01,5.477993642012171,6452545832.803522,208688881.1775829
2022-12-02,5.400486331935812,6348286057.274435,170156526.9358665
2022-12-03,5.648105069152116,6629238961.077899,272015565.00928223
2022-12-04,5.504915282161034,6487702630.751659,202182789.64498517
2022-12-05,5.606038163070065,6594644265.094774,121770683.53406753
2022-12-06,5.492117706618971,6475634330.892691,151358305.2837018
2022-12-07,5.504582156437111,6483610549.768277,121211429.78312103
2022-12-08,5.303335268684337,6257950190.524466,188037304.45463148
2022-12-09,5.431800866906172,6408974488.68709,161041105.39451358
2022-12-10,5.303058391670169,6259197967.658567,131449171.82848728
2022-12-11,5.272172576811368,6220075302.7999935,86014999.73841877
2022-12-12,5.168804864247797,6100067426.108336,108949492.5630753
2022-12-13,5.167370021273998,6104088871.110464,161861179.00586328
2022-12-14,5.2801352669731205,6243076183.817809,206252780.2109672
2022-12-15,5.218581541207982,6168725589.664655,244712787.11427885
2022-12-16,5.214874394109295,6177909728.993104,208210052.3480659
2022-12-17,4.646731144817608,5474079704.445132,275779636.79321325
2022-12-18,4.71580176307932,5579152130.505003,221174551.0601793
2022-12-19,4.663401667527673,5532952269.818865,98713106.32340652
2022-12-20,4.473339974294161,5301793527.306867,161782937.52207825
2022-12-21,4.614603851775438,5461966902.033066,130494169.19677942
2022-12-22,4.480008406321904,5298824496.402215,117104381.78747612
2022-12-23,4.529000633953305,5345186586.575271,124180162.84817378
2022-12-24,4.473661661531525,5298524422.118842,111770045.98798557
2022-12-25,4.454023086822344,5277812531.088768,43500721.6204672
2022-12-26,4.493642987510963,5324806627.552072,81185178.21587074
2022-12-27,4.5703173714711,5415095156.281545,100119861.00260232
2022-12-28,4.47836670199237,5306983821.991009,118374595.34020732
2022-12-29,4.280846399530962,5078940183.834696,178846918.98344705
2022-12-30,4.307811349232355,5114437299.478905,106214112.0526113
2022-12-31,4.324198967346808,5133550358.879966,99019186.51600516
2023-01-01,4.3133241665592,5124272924.061023,81868230.06299889
2023-01-02,4.370398234173801,5189797451.493689,83080057.51345398
2023-01-03,4.488836626124295,5333559989.932448,118418546.0008856
2023-01-04,4.527619435836773,5374172553.766793,98616165.59990908
2023-01-05,4.632589621042435,5501400960.100924,128601420.39664848
2023-01-06,4.618387481116268,5486559228.853257,110202869.37893058
2023-01-07,4.6874963649585375,5575400373.862744,120116807.84029973
2023-01-08,4.667867731193827,5544971196.399066,75278982.0966008
2023-01-09,4.78165995093069,5678600122.934231,118428756.66407454
2023-01-10,4.889549960346178,5822967240.545416,258706966.0211436
2023-01-11,4.915667367848903,5844614796.573698,142944072.97941983
2023-01-12,5.133530065782115,6104959456.841534,176549390.7267576
2023-01-13,5.227868294639788,6225980707.135592,246272551.56941697
2023-01-14,5.404097385583974,6418896549.379607,228790043.3560822
2023-01-15,6.028214515143082,7185441825.556078,782687495.7213826
2023-01-16,5.934370777642712,7048844533.072695,343689205.9871965
2023-01-17,5.810048234064627,6914982508.280345,366947917.8205463
2023-01-18,5.963397654520307,7098249474.233347,396046272.9719688
2023-01-19,5.655251045120312,6726902475.495878,441232057.6899503
2023-01-20,5.801379267235778,6924736793.838175,187140445.4390963
2023-01-21,6.254683210538306,7461520990.843851,260476431.48039797
2023-01-22,6.246217001006929,7452411001.806236,355405212.3929102
2023-01-23,6.212167847018589,7418382148.705477,249458571.46704164
2023-01-24,6.589296753282481,7863091567.413891,434790321.16012686
2023-01-25,6.186292457598319,7395228277.021116,305760411.89162666
2023-01-26,6.421232137004184,7659051015.469998,359305707.4725925
2023-01-27,6.468366037302892,7747735674.283517,326216001.75108075
2023-01-28,6.569930587254382,7856739950.604887,265474456.73399788
2023-01-29,6.389057965845566,7640327631.38938,208329337.7263006
2023-01-30,6.621092132215346,7922259197.054451,254655935.21533224
2023-01-31,6.195536094713961,7410872880.314612,275635411.8871149
2023-02-01,6.269667976200108,7502144503.192972,217928928.73929405
2023-02-02,6.470865445518001,7749019076.135509,297339779.9889724
2023-02-03,6.555954157754909,7861116315.319404,417508226.7340164
2023-02-04,7.012688935124944,8414262771.289161,490617061.78249687
2023-02-05,6.896031693361286,8273869515.110414,238800804.9298765
2023-02-06,6.641842495719097,7973598038.54855,270982774.7282343
2023-02-07,6.497266700375032,7779070314.796459,245142517.1920516
2023-02-08,6.948134566018175,8333990416.91506,295243777.23315567
2023-02-09,6.756755185938241,8110178949.590388,247375557.407144
2023-02-10,6.229762039218076,7477194018.495944,529810448.8585312
2023-02-11,6.188909530502617,7442362927.451278,301637805.19501954
2023-02-12,6.28372226448598,7543346315.064424,143068442.52349454
2023-02-13,6.164062517934927,7416773395.914189,178158552.53923786
2023-02-14,6.118583929495318,7352408834.2737,335928393.6648368
2023-02-15,6.234367785778781,7496941327.303583,278124947.47988665
2023-02-16,6.609392900657438,7945712271.908503,335324467.09394306
2023-02-17,6.388632355427524,7658563981.686901,401487886.9816844
2023-02-18,7.297050421684514,8780715046.827116,816508568.9527842
2023-02-19,7.247649982690182,8724929154.706154,471016202.0785851
2023-02-20,7.439395788318963,8991538134.236885,790399403.6852473
2023-02-21,7.527218326014244,9059900211.471052,517830090.897999
2023-02-22,7.250333872381433,8725074263.862608,424382923.0792148
2023-02-23,7.170302237747458,8656728943.641329,445050807.2896644
2023-02-24,7.091543344834797,8528870605.745284,375652835.7517494
2023-02-25,6.614184848454191,7975206269.458946,406675008.9832656
2023-02-26,6.53841568333922,7879063917.589614,273278804.46663
2023-02-27,6.684255284896303,8070006130.15561,259252796.1740206
2023-02-28,6.582575515067073,7952520453.615793,288525491.12878805
2023-03-01,6.347643028754492,7652424036.270056,265521916.8877683
2023-03-02,6.530439779534664,7881933855.700314,275326716.41447943
2023-03-03,6.323204212096074,7639140586.219113,237639733.7391961
2023-03-04,6.0347112561933,7290395652.243021,307950873.0364068
2023-03-05,5.91210980350204,7141278386.960345,187234194.30865684
2023-03-06,5.98959953972546,7221755522.737399,180881874.03344983
2023-03-07,5.923359550446518,7154139434.735579,198293306.5905428
2023-03-08,5.860554127495924,7065034655.987277,256896325.0438712
2023-03-09,5.604205079811912,6783974361.35875,325705157.038676
2023-03-10,5.383804642221565,6492221339.424328,322122608.31763804
2023-03-11,5.5578657025686855,6741885994.95932,398823095.5557338
2023-03-12,5.473940982394556,6608022342.119235,319352907.6251596
2023-03-13,5.909985122578976,7123017236.499321,293974688.8693106
2023-03-14,6.104099641771777,7401937660.952844,430322351.51094365
2023-03-15,6.240865839469254,7571159433.171571,426347359.0654485
2023-03-16,5.893214375142593,7141510095.537369,396831002.7460806
2023-03-17,6.130406324099899,7439207053.003964,270083592.8721245
2023-03-18,6.643520440698393,8021960013.1672,349175461.31906897
2023-03-19,6.350843430090958,7700962300.739078,325589655.7783797
2023-03-20,6.508591878815031,7931605244.124213,263101166.38878077
2023-03-21,6.120146333135944,7450586725.902299,272209445.39314884
2023-03-22,6.406769717611565,7772318411.3758,224997518.4386857
2023-03-23,6.094201907849631,7396098382.400391,292943935.7844627
2023-03-24,6.35149262466354,7703989762.115649,183653212.18641487
2023-03-25,6.024252570252626,7365301138.477666,208117030.97280684
2023-03-26,5.943918980953513,7220374796.394252,141765532.24290985
2023-03-27,6.053543695643394,7387058765.428269,132449722.86287571
2023-03-28,5.882847918709621,7146342407.622332,165318894.15237087
2023-03-29,6.069816786939525,7383642654.515058,153874807.953227
2023-03-30,6.186884363391786,7522732303.452091,187654032.13473487
2023-03-31,6.121940922776154,7444748644.317304,197809653.58875155
2023-04-01,6.34493912593144,7727847982.814717,220876667.556675
2023-04-02,6.349662387121178,7731363330.22935,150087142.66423145
2023-04-03,6.274330928159255,7641386574.804739,165981691.06121218
2023-04-04,6.425824846847764,7823458413.487148,250934390.80967143
2023-04-05,6.439691555375001,7843403288.734628,228779710.01745048
2023-04-06,6.405267252867749,7817274516.518067,191646245.2648846
2023-04-07,6.2784657981328325,7657366272.615343,165932757.86882693
2023-04-08,6.186862010838575,7546011941.215961,162303820.72659385
2023-04-09,6.136313633781984,7493348826.317786,131916467.42051286
2023-04-10,6.213778028185303,7585959979.016828,145695437.94792384
2023-04-11,6.287959670258352,7678397456.557879,157115505.87741607
2023-04-12,6.427294821890992,7847129342.169121,212206406.7214694
2023-04-13,6.409277933045699,7830662352.098901,222772320.5773293
2023-04-14,6.644896071307531,8125660233.428235,204632452.9553325
2023-04-15,6.732115902799675,8229505281.449617,283263717.3895486
2023-04-16,6.805546473891654,8328054056.264707,191633213.10291263
2023-04-17,6.825625935281183,8337320667.595355,191364307.99952257
2023-04-18,6.700156578231956,8182296977.24243,223489561.91374183
2023-04-19,6.919362495628588,8468999208.60514,241327263.9727992
2023-04-20,6.310468184195398,7726090601.68143,304362268.38184124
2023-04-21,6.107436674863342,7472350670.195494,246649681.5235294
2023-04-22,5.852128071483532,7155855076.124115,216476239.6364232
2023-04-23,5.958744308975133,7292666127.714577,117290788.70863464
2023-04-24,5.924092657714076,7243220355.575814,130092033.82752354
2023-04-25,5.888854540415252,7210898432.939273,154360733.29922673
2023-04-26,6.00976692426028,7355188923.128216,147991878.34889048
2023-04-27,5.846075305894113,7161641711.498215,264915327.133004
2023-04-28,5.974928589737345,7320486092.572454,186747228.4344532
2023-04-29,5.947740109660597,7298739318.779796,155980353.2516568
2023-04-30,6.033944475776628,7407756843.436067,119565163.53531247
2023-05-01,5.91333765042854,7260991514.521792,126929660.51719075
2023-05-02,5.671799480017039,6962447943.899826,144500093.6719824
2023-05-03,5.717933563019812,7022173071.442521,106941680.3410722
2023-05-04,5.775235483490289,7095348281.829583,131755396.32880166
2023-05-05,5.668620138161426,6967803848.607421,101013051.507197
2023-05-06,5.849452455018853,7192813780.916603,156382785.9796453
2023-05-07,5.650476502115529,6942712515.551953,133385483.12114169
2023-05-08,5.6552902336622495,6946473944.085941,96756910.32273306
2023-05-09,5.374661234608271,6612416991.922427,209588586.96745557
2023-05-10,5.322866940026135,6555237355.919554,128633537.14862952
2023-05-11,5.475541723442838,6740923466.277253,183961207.1722708
2023-05-12,5.285886732051951,6508587547.621296,143209793.60961038
2023-05-13,5.349323505539287,6592082194.022329,131408404.8897098
2023-05-14,5.351771904989988,6613225094.531797,82899032.60315505
2023-05-15,5.349944390367364,6595093847.583115,79532459.04158828
2023-05-16,5.327653880602301,6572863586.501249,109157885.1675446
2023-05-17,5.299035374860455,6540611307.189871,98890906.85055073
2023-05-18,5.412062344107352,6674879022.545034,114012097.76915546
2023-05-19,5.339732913052098,6597019426.461229,114165285.2461804
2023-05-20,5.369633421158922,6631963805.393506,99454893.8319307
2023-05-21,5.407594582591559,6674722770.974614,82384849.31141508
2023-05-22,5.2713239589815855,6514543949.599768,81457305.93183246
2023-05-23,5.314597594323604,6564967224.117241,91546069.68166544
2023-05-24,5.402423977721679,6672798619.091968,94056469.49754092
2023-05-25,5.262264617797762,6511227845.906241,105394189.1213902
2023-05-26,5.239990678729722,6475200642.768937,109024202.25390644
2023-05-27,5.247617628899264,6486691821.632737,96931071.17412084
2023-05-28,5.334881191030133,6596527657.495327,90138422.141345
2023-05-29,5.512334404806833,6835221562.86246,98777965.30271122
2023-05-30,5.458985852478608,6755550918.582554,99648448.09749192
2023-05-31,5.443350563918375,6740284018.000778,106801123.36949876
2023-06-01,5.319849513047748,6584630091.523257,115447803.0185303
2023-06-02,5.210806478409606,6452671672.05532,110045206.21305747
2023-06-03,5.278572412578042,6541182868.270858,121990756.46299703
2023-06-04,5.327164683495162,6592545948.955,72117305.84594712
2023-06-05,5.326717147827145,6599459524.420096,91948906.34262204
2023-06-06,5.078026527334755,6301773078.416282,185982277.04800692
2023-06-07,5.206113774792793,6453259978.017477,128394216.6088764
2023-06-08,5.021328593625374,6229266860.507048,122563303.89358509
2023-06-09,5.024888580781012,6237398804.988878,103608897.38191883
2023-06-10,4.977210988108317,6170314775.654283,94189595.36406256
2023-06-11,4.525840001355898,5621858588.221082,321352964.9069129
2023-06-12,4.518929865540423,5605160890.324238,117996197.1543621
2023-06-13,4.532556755374545,5629603118.429002,118502108.14526388
2023-06-14,4.616261798896556,5733442994.647317,117193241.41057377
2023-06-15,4.569755384058333,5676495318.038254,135280084.4763831
2023-06-16,4.369108735944236,5429227760.935317,202589996.85418543
2023-06-17,4.416137727630147,5492960793.288925,115437269.51576252
2023-06-18,4.52024849730849,5624221980.781707,96558381.40212828
2023-06-19,4.526425849471979,5635105538.564865,98854001.78337964
2023-06-20,4.518006735376183,5624565132.018068,84703876.56671043
2023-06-21,4.665289560073817,5811422370.51463,111587203.72393356
2023-06-22,4.8344161863023,6024578038.397528,148425882.51265642
2023-06-23,4.831681126789498,6022105995.910259,150850171.24950275
2023-06-24,5.1010536493358165,6350589383.462762,146952893.02879494
2023-06-25,5.005257376284895,6236801107.212712,104184225.10207608
2023-06-26,5.190654003157049,6470503762.709948,137390688.7768003
2023-06-27,5.023786143775523,6251306546.966815,147711164.3989128
2023-06-28,5.093780443990474,6353494858.600434,96190035.10012102
2023-06-29,4.876196651567131,6094244525.578097,114763586.96618988
2023-06-30,4.992236495372119,6237577866.714234,141314123.73589414
2023-07-01,5.167902281748904,6452308276.104207,193230503.1259263
2023-07-02,5.34603080780269,6670017967.948131,153588050.37699974
2023-07-03,5.493166343924012,6859107259.827371,147655963.72481155
2023-07-04,5.414604020500856,6761150669.211054,145432789.82141417
2023-07-05,5.348661859961919,6700890887.537659,133070579.87489632
2023-07-06,5.204760903006292,6514076243.677027,118391245.38999093
2023-07-07,5.030601480348588,6303470035.720804,124043765.55267867
2023-07-08,5.112644587415198,6391628950.862031,95009677.7182787
2023-07-09,5.122931652398746,6408167672.937634,72714950.81698301
2023-07-10,5.075752683168507,6351190038.393827,71715514.60686196
2023-07-11,5.129425234893106,6414553200.2227545,110444266.31879832
2023-07-12,5.212807664512845,6528711738.080088,80068603.11954178
2023-07-13,5.149183382400442,6454368180.046069,113547603.6906676
2023-07-14,5.541878638509623,6943185837.551099,217008394.27342004
2023-07-15,5.447709883476799,6819391767.531546,252537149.07311505
2023-07-16,5.43079586339453,6808585227.279845,129213066.308789
2023-07-17,5.30937061517882,6648376592.109853,119366265.11818516
2023-07-18,5.302138362991883,6643963692.839696,150222179.89092803
2023-07-19,5.176625741185217,6491467991.320275,145147298.46003246
2023-07-20,5.198504444129399,6517886954.977203,108247539.12471852
2023-07-21,5.348583139905655,6717602321.062964,161300191.2539338
2023-07-22,5.485973758714731,6889428161.133605,204543768.65572295
2023-07-23,5.29590702972594,6657706824.253902,114563817.4730214
2023-07-24,5.3973303631538805,6782851315.339273,114167531.63126932
2023-07-25,5.219262162757914,6555793802.014324,149634701.3595437
2023-07-26,5.175287122684507,6505784857.444409,98093984.6987428
2023-07-27,5.238608362428316,6584573610.440049,104852028.4988799
2023-07-28,5.2324446457136,6577510972.280995,99193883.90922277
2023-07-29,5.216725790289067,6563883639.196771,97485867.22704051
2023-07-30,5.2526976975329935,6609827390.625297,65266367.59393854
2023-07-31,5.187980709515309,6529870403.814387,99330853.8339604
2023-08-01,5.111469589259971,6436555543.565743,110824749.86409132
2023-08-02,5.189948415231068,6524451299.641124,129075193.0824161
2023-08-03,5.054118326177762,6370563643.926555,111185563.6458067
2023-08-04,4.977486372879044,6281253331.198318,114291805.9953621
2023-08-05,4.990548066706656,6284953169.152416,98942186.8591934
2023-08-06,4.968340903735078,6262792120.884622,68683582.45623447
2023-08-07,4.994060832964243,6295623535.702088,79891258.27189204
2023-08-08,4.957286418473378,6253953383.825239,109611030.68091844
2023-08-09,5.061940755786733,6389120306.755551,100599117.0332589
2023-08-10,5.05817651151548,6384008719.280745,95166652.97150823
2023-08-11,4.999386850887789,6312382581.606862,83701857.08704504
2023-08-12,5.002863616263631,6318115852.788173,75181271.81413424
2023-08-13,5.032357078439904,6359269697.0508,61479144.18305038
2023-08-14,4.984807286635574,6297004550.929658,75864330.93285987
2023-08-15,4.986298691161787,6307074087.296951,91579872.70949876
2023-08-16,4.810660360168034,6087074436.492555,106091050.4474677
2023-08-17,4.664406453340078,5907520456.7198,129304101.25336984
2023-08-18,4.421958380570057,5608623820.335605,205694894.1766224
2023-08-19,4.51015389453263,5708140873.304548,148323528.1058482
