Date,24 Hour Trading Vol
1424822400000,5
1425254400000,2
1425600000000,50
1425686400000,58196
1425772800000,31
1425859200000,137
1425945600000,50006
1426032000000,46
1426118400000,80421
1426204800000,75
1426291200000,17706
1426377600000,15124
1426464000000,49631
1426550400000,4284
1426636800000,58
1426723200000,857
1426809600000,132
1426896000000,206
1426982400000,66
1427068800000,65
1427155200000,1179
1427241600000,93
1427328000000,2
1427414400000,4
1427500800000,10
1427587200000,27
1427673600000,494
1427760000000,37
1427932800000,12864
1428019200000,79969
1428105600000,8887
1428192000000,2018
1428278400000,3137
1428364800000,4
1428451200000,19191
1428537600000,1016
1428624000000,100940
1428710400000,1031
1428796800000,3177
1428883200000,1228
1428969600000,46015
1429056000000,50290
1429142400000,40941
1429228800000,46909
1429315200000,50
1429401600000,44
1429488000000,21
1429574400000,16
1429660800000,85933
1429747200000,40294
1429833600000,21625
1429920000000,205
1430006400000,82
1430092800000,2045
1430179200000,22881
1430265600000,30237
1430352000000,47
1430438400000,617
1430524800000,3
1430611200000,12
1430697600000,1547
1430784000000,83139
1430870400000,23
1430956800000,11
1431043200000,119
1431129600000,707
1431216000000,2518
1431302400000,100
1431388800000,484
1431475200000,4
1431561600000,879
1431648000000,265
1431734400000,139
1431820800000,194
1431907200000,680
1431993600000,23179
1432080000000,25185
1432166400000,9751
1432252800000,46241
1432339200000,18579
1432425600000,1367
1432512000000,6858
1432598400000,626
1432684800000,646
1432771200000,78534
1432857600000,17145
1432944000000,24060
1433030400000,4982
1433116800000,6808
1433203200000,28123
1433289600000,49109
1433376000000,24955
1433462400000,116
1433548800000,42
1433635200000,1547
1433721600000,0
1433808000000,179
1433894400000,45685
1433980800000,335
1434067200000,50025
1434153600000,13601
1434240000000,1353
1434326400000,240065
1434412800000,226186
1434499200000,7802
1434585600000,33422
1434672000000,2568
1434758400000,11351
1434844800000,393
1434931200000,368
1435017600000,20006
1435104000000,231885
1435190400000,468361
1435276800000,1895
1435363200000,2313
1435449600000,668371
1435536000000,673
1435622400000,373659
1435708800000,101760
1435795200000,10028
1435881600000,1416
1435968000000,13017
1436054400000,1546
1436140800000,652762
1436227200000,10778
1436313600000,32117
1436400000000,143
1436486400000,1421
1436572800000,1680
1436659200000,2998
1436745600000,1175
1436832000000,241933
1436918400000,31367
1437004800000,2859
1437091200000,691649
1437177600000,56204
1437264000000,1087
1437350400000,1733
1437436800000,1243
1437523200000,548
1437609600000,1214
1437696000000,26200
1437782400000,10565
1437868800000,8
1437955200000,463
1438041600000,7736
1438128000000,244318
1438214400000,233100
1438300800000,255
1438387200000,59655
1438473600000,4403
1438560000000,200
1438646400000,4553
1438732800000,111025
1438819200000,12388
1438905600000,104034
1438992000000,1865
1439078400000,1051
1439164800000,361
1439251200000,387
1439337600000,2257
1439424000000,2346
1439510400000,586
1439596800000,3700
1439683200000,2368
1439769600000,135059
1439856000000,38881
1439942400000,106894
1440028800000,107161
1440115200000,4990
1440201600000,3221
1440288000000,512
1440374400000,10766
1440460800000,466067
1440547200000,31738
1440633600000,1422
1440720000000,7623
1440806400000,961
1440892800000,3479
1440979200000,3974
1441065600000,8940
1441152000000,1866
1441238400000,762
1441324800000,600
1441411200000,2551
1441497600000,22060
1441584000000,25442
1441670400000,6069
1441756800000,5378
1441843200000,104607
1441929600000,34814
1442016000000,4216
1442102400000,790
1442188800000,214
1442275200000,46377
1442361600000,100573
1442448000000,14465
1442534400000,24572
1442620800000,917
1442707200000,101
1442880000000,9471
1442966400000,19997
1443052800000,5751
1443139200000,103469
1443225600000,608
1443312000000,542
1443398400000,1982
1443484800000,395468
1443571200000,418533
1443657600000,142978
1443744000000,178994
1443830400000,3750
1443916800000,365080
1444003200000,3452
1444089600000,17780
1444176000000,55902
1444262400000,8079
1444348800000,4253
1444435200000,1819
1444521600000,116
1444608000000,47949
1444694400000,25982
1444780800000,126516
1444867200000,8070
1444953600000,98610
1445040000000,37798
1445126400000,3565
1445212800000,3712
1445299200000,5951
1445385600000,30330
1445472000000,42407
1445558400000,76000
1445644800000,115659
1445731200000,74005
1445817600000,191117
1445904000000,11647
1445990400000,51255
1446076800000,64636
1446163200000,229115
1446249600000,25791
1446336000000,24088
1446422400000,20445
1446508800000,17806
1446595200000,100936
1446681600000,168417
1446768000000,227269
1446854400000,369740
1446940800000,1258310
1447027200000,15103
1447113600000,15769
1447200000000,26146
1447286400000,24572
1447372800000,36010
1447459200000,68635
1447545600000,12193
1447632000000,28790
1447718400000,14532
1447804800000,21419
1447891200000,6311
1447977600000,20001
1448064000000,8107
1448150400000,6555
1448236800000,6018
1448323200000,29996
1448409600000,6187
1448496000000,9823
1448582400000,17537
1448668800000,6911
1448755200000,21482
1448841600000,138902
1448928000000,303493
1449014400000,128383
1449100800000,199602
1449187200000,135262
1449273600000,6786
1449360000000,28380
1449446400000,214181
1449532800000,10077
1449619200000,16627
1449705600000,8642
1449792000000,24191
1449878400000,125788
1449964800000,15028
1450051200000,10857
1450137600000,13558
1450224000000,94882
1450310400000,9676
1450396800000,4622
1450483200000,74066
1450569600000,19760
1450656000000,21016
1450742400000,12901
1450828800000,40000
1450915200000,73592
1451001600000,83841
1451088000000,6177
1451174400000,16559
1451260800000,81415
1451347200000,14168.000000000002
1451433600000,7405.999999999999
1451520000000,7468.000000000001
1451606400000,4875.999999999998
1451692800000,4701.000000000001
1451779200000,1389.0000000000002
1451865600000,81130.00000000003
1451952000000,1651.0
1452038400000,540887.0
1452124800000,540886.9999999998
1452211200000,14252.0
1452297600000,3542.0
1452384000000,66751.99999999997
1452470400000,117347.99999999999
1452556800000,12857.999999999998
1452643200000,10100.999999999998
1452729600000,18830.0
1452816000000,21137.0
1452902400000,73936.0
1452988800000,73936.0
1453075200000,160999.0
1453161600000,11865.000000000002
1453248000000,16737.0
1453334400000,35946.0
1453420800000,26663.000000000004
1453507200000,21926.999999999996
1453593600000,22933.000000000004
1453680000000,39330.999999999985
1453766400000,77010.99999999999
1453852800000,77011.00000000001
1453939200000,77011.00000000001
1455148800000,74466.0
1455235200000,406492.9999999998
1455321600000,99252.0
1455408000000,55621.000000000015
1455494400000,94631.99999999999
1455580800000,59167.99999999999
1455667200000,169644.0
1455753600000,71601.0
1455840000000,49797.00000000002
1455926400000,56058.00000000001
1456012800000,57126.00000000003
1456099200000,49747.000000000015
1456185600000,106613.00000000001
1456272000000,80107.0
1456358400000,438017.99999999977
1456444800000,102512.0
1456531200000,96721.0
1456617600000,114084.0
1456704000000,74743.0
1456790400000,118129.00000000001
1456876800000,60826.999999999985
1456963200000,180593.00000000003
1457049600000,132882.0
1457136000000,353656.0
1457222400000,290334.0
1457308800000,140199.0
1457395200000,148223.0
1457481600000,146573.0
1457568000000,133855.0
1457654400000,91345.0
1457740800000,253494.0
1457827200000,195096.00000000003
1457913600000,367988.0
1458000000000,109338.0
1458086400000,72590.00000000001
1458172800000,220365.00000000003
1458259200000,327413.00000000006
1458345600000,119627.00000000003
1458432000000,82078.99999999999
1458518400000,154662.0
1458604800000,104043.0
1458691200000,85451.99999999999
1458777600000,108347.0
1458864000000,32146.0
1458950400000,43412.00000000001
1459036800000,111749.0
1459123200000,110967.00000000003
1459209600000,1043750.0
1459296000000,204435.00000000003
1459382400000,147568.0
1459468800000,49964.99999999999
1459555200000,103217.99999999999
1459641600000,85039.00000000001
1459728000000,488661.9999999999
1459814400000,105465.00000000001
1459900800000,82070.99999999997
1459987200000,43802.00000000002
1460073600000,439805.9999999999
1460160000000,140003.0
1460246400000,172845.0
1460332800000,39544.0
1460419200000,429931.0000000002
1460505600000,177837.0
1460592000000,348715.0
1460678400000,79125.0
1460764800000,62183.000000000015
1460851200000,123587.0
1460937600000,164377.0
1461024000000,115333.99999999999
1461110400000,103245.0
1461196800000,276926.0
1461283200000,145065.00000000003
1461369600000,513383.99999999994
1461456000000,67875.00000000001
1461542400000,64411.0
1461628800000,525358.0000000001
1461715200000,480036.0
1461801600000,542470.9999999999
1461888000000,147797.0
1461974400000,453717.0000000002
1462060800000,46714.0
1462147200000,195764.00000000003
1462233600000,408014.0
1462320000000,215836.99999999997
1462406400000,740925.0
1462492800000,2760419.9999999995
1462579200000,73323.99999999999
1462665600000,79991.0
1462752000000,324652.0
1462838400000,6093660.000000001
1462924800000,278672.0
1463011200000,168533.0
1463097600000,61506.00000000001
1463184000000,61732.000000000015
1463270400000,218794.00000000003
1463356800000,567669.9999999999
1463443200000,80397.0
1463529600000,276865.00000000006
1463616000000,292838.0
1463702400000,298529.00000000006
1463788800000,169903.0
1463875200000,103705.00000000001
1463961600000,187310.00000000003
1464048000000,120287.0
1464134400000,224841.0
1464220800000,5648220.0
1464307200000,687949.0000000001
1464393600000,568214.0000000002
1464480000000,685820.0
1464566400000,425349.0
1464652800000,2578470.0
1464739200000,1025869.9999999999
1464825600000,223787.0
1464912000000,2443790.0
1464998400000,421034.0
1465084800000,144037.0
1465171200000,792971.0
1465257600000,296136.0
1465344000000,156872.0
1465430400000,136835.0
1465516800000,218484.0
1465603200000,95704.0
1465689600000,1070000.0
1465776000000,1627600.0
1465862400000,2515830.0
1465948800000,1757170.0
1466035200000,3545150.0
1466121600000,6175310.0
1466208000000,3762940.0
1466294400000,1391360.0
1466380800000,2842820.0
1466467200000,3643960.0
1466553600000,3999810.0
1466640000000,2786280.0
1466726400000,3156580.0
1466812800000,1249550.0
1466899200000,802696.0
1466985600000,531239.0
1467072000000,2256940.0
1467158400000,819918.0
1467244800000,1245520.0
1467331200000,995953.0
1467417600000,613053.0
1467504000000,1162840.0
1467590400000,1693460.0
1467676800000,1383940.0
1467763200000,579984.0
1467849600000,1873710.0
1467936000000,1240740.0
1468022400000,921466.0
1468108800000,278080.0
1468195200000,649025.0
1468281600000,893851.0
1468368000000,349009.0
1468454400000,674966.0
1468540800000,579906.0
1468627200000,284886.0
1468713600000,333506.0
1468800000000,1108720.0
1468886400000,791618.0
1468972800000,1413360.0
1469059200000,312762.0
1469145600000,1368850.0
1469232000000,739115.0
1469318400000,1205070.0
1469404800000,1423070.0
1469491200000,1831980.0
1469577600000,960430.0
1469664000000,1358370.0
1469750400000,363972.0
1469836800000,156672.0
1469923200000,862874.0
1470009600000,1898950.0
1470096000000,7195530.0
1470182400000,4370340.0
1470268800000,2008590.0
1470355200000,637392.0
1470441600000,876226.0
1470528000000,1210700.0
1470614400000,608673.0
1470700800000,1738930.0
1470787200000,1452800.0
1470873600000,1165320.0
1470960000000,917765.0
1471046400000,590126.0
1471132800000,1276680.0
1471219200000,1683450.0
1471305600000,2198160.0
1471392000000,2418950.0
1471478400000,858698.0
1471564800000,1265330.0
1471651200000,593807.0
1471737600000,281227.0
1471824000000,1020090.0
1471910400000,1255120.0
1471996800000,543683.0
1472083200000,975243.0
1472169600000,738608.0
1472256000000,451542.0
1472342400000,1315850.0
1472428800000,1590370.0
1472515200000,1076250.0
1472601600000,911597.0
1472688000000,814406.0
1472774400000,1479230.0
1472860800000,2554440.0
1472947200000,1260480.0
1473033600000,1502670.0
1473120000000,1215850.0
1473206400000,1732940.0
1473292800000,933056.0
1473379200000,599281.0
1473465600000,285299.0
1473552000000,992678.0
1473638400000,986504.0
1473724800000,1486500.0
1473811200000,863478.0
1473897600000,774295.0
1473984000000,745524.0
1474070400000,243603.0
1474156800000,568958.0
1474243200000,513003.0
1474329600000,1599240.0
1474416000000,947612.0
1474502400000,783407.0
1474588800000,903976.0
1474675200000,270619.0
1474761600000,204143.0
1474848000000,444290.0
1474934400000,362339.0
1475020800000,250693.0
1475107200000,288741.0
1475193600000,404394.0
1475280000000,363941.0
1475366400000,264694.0
1475452800000,338456.0
1475539200000,456370.0
1475625600000,719363.0
1475712000000,441558.0
1475798400000,512096.0
1475884800000,369373.0
1475971200000,255033.0
1476057600000,322228.0
1476144000000,1102440.0
1476230400000,498287.0
1476316800000,373260.0
1476403200000,224047.0
1476489600000,288886.0
1476576000000,278375.0
1476662400000,1051640.0
1476748800000,313076.0
1476835200000,428780.0
1476921600000,210405.0
1477008000000,195499.0
1477094400000,787972.0
1477180800000,634782.0
1477267200000,279129.0
1477353600000,431072.0
1477440000000,483765.0
1477526400000,748427.0
1477612800000,566813.0
1477699200000,2066640.0
1477785600000,1882220.0
1477872000000,1258280.0
1477958400000,2243490.0
1478044800000,1426160.0
1478131200000,2427610.0
1478217600000,1256800.0
1478304000000,419012.0
1478390400000,931191.0
1478476800000,590341.0
1478563200000,671972.0
1478649600000,1915190.0
1478736000000,485907.0
1478822400000,661996.0
1478908800000,658664.0
1478995200000,911952.0
1479081600000,387172.0
1479168000000,2252590.0
1479254400000,1524020.0
1479340800000,981096.0
1479427200000,574858.0
1479513600000,444728.0
1479600000000,1149780.0
1479686400000,2215270.0
1479772800000,997200.0
1479859200000,517596.0
1479945600000,1159510.0
1480032000000,451599.0
1480118400000,395791.0
1480204800000,368179.0
1480291200000,294240.0
1480377600000,602624.0
1480464000000,508886.0
1480550400000,916061.0
1480636800000,1532130.0
1480723200000,578004.0
1480809600000,301662.0
1480896000000,1191760.0
1480982400000,2085010.0
1481068800000,672346.0
1481155200000,431050.0
1481241600000,255597.0
1481328000000,295195.0
1481414400000,420327.0
1481500800000,734222.0
1481587200000,924772.0
1481673600000,587324.0
1481760000000,385992.0
1481846400000,209513.0
1481932800000,339759.0
1482019200000,460203.0
1482105600000,399486.0
1482192000000,410727.0
1482278400000,801157.0
1482364800000,1273670.0
1482451200000,2833730.0
1482537600000,1801990.0
1482624000000,1911460.0
1482710400000,1272860.0
1482796800000,2083640.0
1482883200000,2936720.0
1482969600000,2766900.0
1483056000000,2536050.0
1483142400000,764891.0
1483228800000,1914630.0
1483315200000,3179490.0
1483401600000,3224370.0
1483488000000,7352670.0
1483574400000,13590600.0
1483660800000,8166260.0
1483747200000,5953190.0
1483833600000,3822640.0
1483920000000,2707560.0
1484006400000,1387330.0
1484092800000,9533210.0
1484179200000,5591700.0
1484265600000,2804270.0
1484352000000,1526070.0
1484438400000,1350200.0
1484524800000,1229420.0
1484611200000,4331920.0
1484697600000,3439700.0
1484784000000,2252420.0
1484870400000,2234780.0
1484956800000,2458280.0
1485043200000,2577550.0
1485129600000,2578610.0
1485216000000,3143310.0
1485302400000,1589870.0
1485388800000,1812940.0
1485475200000,1354660.0
1485561600000,1575460.0
1485648000000,748419.0
1485734400000,678966.0
1485820800000,2684020.0
1485907200000,3422760.0
1485993600000,3500000.0
1486080000000,2987820.0
1486166400000,2849920.0
1486252800000,2123340.0
1486339200000,1106530.0
1486425600000,1613340.0
1486512000000,2956910.0
1486598400000,8817310.0
1486684800000,3326290.0
1486771200000,2065590.0
1486857600000,1109220.0
1486944000000,1349720.0
1487030400000,2420540.0
1487116800000,1649110.0
1487203200000,1568140.0
1487289600000,2134780.0
1487376000000,1399320.0
1487462400000,1078990.0
1487548800000,1523820.0
1487635200000,1523820.0
1487721600000,1523820.0
1487808000000,1523820.0
1487894400000,10601000.0
1487980800000,3788500.0
1488067200000,2262280.0
1488153600000,3025070.0
1488240000000,5597980.0
1488326400000,11909100.0
1488412800000,14458600.0
1488499200000,12280800.0
1488585600000,6390790.0
1488672000000,6096400.0
1488758400000,4258370.0
1488844800000,10839700.0
1488931200000,11858400.0
1489017600000,9734810.0
1489104000000,25813700.0
1489190400000,15605200.0
1489276800000,13128500.0
1489363200000,24793700.0
1489449600000,14028000.0
1489536000000,20307400.0
1489622400000,33318300.0
1489708800000,46299600.0
1489795200000,48680000.0
1489881600000,33331100.0
1489968000000,16362400.0
1490054400000,21689800.0
1490140800000,22663400.0
1490227200000,12745200.0
1490313600000,30904000.0
1490400000000,28632000.0
1490486400000,17747400.0
1490572800000,19089000.0
1490659200000,15987800.0
1490745600000,16806400.0
1490832000000,24779300.0
1490918400000,34180300.0
1491004800000,15146700.0
1491091200000,44049700.0
1491177600000,42899500.0
1491264000000,26547700.0
1491350400000,26179400.0
1491436800000,33959900.0
1491523200000,21301500.0
1491609600000,14699300.0
1491696000000,11310800.0
1491782400000,12321600.0
1491868800000,12220700.0
1491955200000,20816300.0
1492041600000,24023100.0
1492128000000,14781400.0
1492214400000,13952000.0
1492300800000,7306380.0
1492387200000,17191700.0
1492473600000,26772400.0
1492560000000,17328300.0
1492646400000,21333000.0
1492732800000,15889200.0
1492819200000,14696400.0
1492905600000,17240500.0
1492992000000,15356200.0
1493078400000,12844000.0
1493164800000,18627500.0
1493251200000,23944000.0
1493337600000,26194900.0
1493424000000,26706500.0
1493510400000,23235700.0
1493596800000,44670600.0
1493683200000,22315600.0
1493769600000,32968500.0
1493856000000,55789000.0
1493942400000,69867200.0
1494028800000,43920500.0
1494115200000,71995800.0
1494201600000,86459100.0
1494288000000,61672300.0
1494374400000,47181800.0
1494460800000,46601300.0
1494547200000,42430100.0
1494633600000,29665200.0
1494720000000,24036300.0
1494806400000,36805000.0
1494892800000,52967200.0
1494979200000,60394800.0
1495065600000,46032800.0
1495152000000,49029800.0
1495238400000,42031700.0
1495324800000,45289700.0
1495411200000,79143200.0
1495497600000,67556600.0
1495584000000,76707400.0
1495670400000,141475000.0
1495756800000,126623000.0
1495843200000,186831000.0
1495929600000,110635000.0
1496016000000,80211800.0
1496102400000,107674000.0
1496188800000,85586600.0
1496275200000,100492000.0
1496361600000,49123900.0
1496448000000,44185500.0
1496534400000,49287400.0
1496620800000,49099600.0
1496707200000,152071000.0
1496793600000,96923700.0
1496880000000,66659300.0
1496966400000,57468300.0
1497052800000,79223300.0
1497139200000,86165400.0
1497225600000,210213000.0
1497312000000,106761000.0
1497398400000,139424000.0
1497484800000,245700000.0
1497571200000,110022000.0
1497657600000,103988000.0
1497744000000,114384000.0
1497830400000,75013400.0
1497916800000,88683200.0
1498003200000,108364000.0
1498089600000,64267900.0
1498176000000,41135200.0
1498262400000,77845200.0
1498348800000,101752000.0
1498435200000,190073000.0
1498521600000,171944000.0
1498608000000,128624000.0
1498694400000,103448000.0
1498780800000,72275100.0
1498867200000,82282000.0
1498953600000,76483300.0
1499040000000,87391000.0
1499126400000,87515500.0
1499212800000,67126700.0
1499299200000,44443000.0
1499385600000,84032200.0
1499472000000,62482500.0
1499558400000,44969700.0
1499644800000,130232000.0
1499731200000,178663000.0
1499817600000,130950000.0
1499904000000,104503000.0
1499990400000,93376200.0
1500076800000,124373000.0
1500163200000,177777000.0
1500249600000,171873000.0
1500336000000,235439000.0
1500422400000,201406000.0
1500508800000,276711000.0
1500595200000,170935000.0
1500681600000,130685000.0
1500768000000,115334000.0
1500854400000,75345600.0
1500940800000,220089000.0
1501027200000,112102000.0
1501113600000,79654000.0
1501200000000,116503000.0
1501286400000,72564200.0
1501372800000,61360400.0
1501459200000,75037900.0
1501545600000,169383000.0
1501632000000,102726000.0
1501718400000,57293600.0
1501804800000,59376000.0
1501891200000,172739000.0
1501977600000,103460000.0
1502064000000,110397000.0
1502150400000,130118000.0
1502236800000,141046000.0
1502323200000,91537200.0
1502409600000,111081000.0
1502496000000,132084000.0
1502582400000,198001000.0
1502668800000,125475000.0
1502755200000,214049000.0
1502841600000,120674000.0
1502928000000,121124000.0
1503014400000,255427000.0
1503100800000,283337000.0
1503187200000,133762000.0
1503273600000,208857000.0
1503360000000,240997000.0
1503446400000,196253000.0
1503532800000,132753000.0
1503619200000,116485000.0
1503705600000,98183200.0
1503792000000,104873000.0
1503878400000,130984000.0
1503964800000,131878000.0
1504051200000,114163000.0
1504137600000,110010000.0
1504224000000,198779000.0
1504310400000,343143000.0
1504396800000,191927000.0
1504483200000,374219000.0
1504569600000,271022000.0
1504656000000,194894000.0
1504742400000,166362000.0
1504828800000,319158000.0
1504915200000,122156000.0
1505001600000,163257000.0
1505088000000,126682000.0
1505174400000,162544000.0
1505260800000,256521000.0
1505347200000,352449000.0
1505433600000,545294000.0
1505520000000,234360000.0
1505606400000,118935000.0
1505692800000,214669000.0
1505779200000,163402000.0
1505865600000,137452000.0
1505952000000,231878000.0
1506038400000,164925000.0
1506124800000,117402000.0
1506211200000,91704300.0
1506297600000,160605000.0
1506384000000,104531000.0
1506470400000,200757000.0
1506556800000,232811000.0
1506643200000,205556000.0
1506729600000,116561000.0
1506816000000,103305000.0
1506902400000,126736000.0
1506988800000,137141000.0
1507075200000,115319000.0
1507161600000,119445000.0
1507248000000,91708500.0
1507334400000,89614700.0
1507420800000,123248000.0
1507507200000,178558000.0
1507593600000,137436000.0
1507680000000,86063600.0
1507766400000,214883000.0
1507852800000,321360000.0
1507939200000,137961000.0
1508025600000,213006000.0
1508112000000,204073000.0
1508198400000,216322000.0
1508284800000,254134000.0
1508371200000,153068000.0
1508457600000,185039000.0
1508544000000,171841000.0
1508630400000,166575000.0
1508716800000,201830000.0
1508803200000,258705000.0
1508889600000,170207000.0
1508976000000,150409000.0
1509062400000,144483000.0
1509148800000,120270000.0
1509235200000,616456000.0
1509321600000,170149000.0
1509408000000,183224000.0
1509494400000,243987000.0
1509580800000,427596000.0
1509667200000,360474000.0
1509753600000,285698000.0
1509840000000,235626000.0
1509926400000,307960000.0
1510012800000,256088000.0
1510099200000,525874000.0
1510185600000,364325000.0
1510272000000,750882000.0
1510358400000,754936000.0
1510444800000,1444590000.0
1510531200000,773200000.0
1510617600000,430488000.0
1510704000000,449388000.0
1510790400000,641835000.0
1510876800000,642643000.0
1510963200000,587559000.0
1511049600000,485250000.0
1511136000000,432169000.0
1511222400000,628997000.0
1511308800000,498986000.0
1511395200000,722394000.0
1511481600000,854885000.0
1511568000000,656963000.0
1511654400000,620033000.0
1511740800000,786586000.0
1511827200000,796116000.0
1511913600000,1663310000.0
1512000000000,1060180000.0
1512086400000,750154000.0
1512172800000,680812000.0
1512259200000,944752000.0
1512345600000,665302000.0
1512432000000,816358000.0
1512518400000,1172130000.0
1512604800000,1669770000.0
1512691200000,1994670000.0
1512777600000,1599660000.0
1512864000000,1646740000.0
1512950400000,1533750000.0
1513036800000,2245970000.0
1513123200000,2204870000.0
1513209600000,2326850000.0
1513296000000,2045460000.0
1513382400000,1588870000.0
1513468800000,1935000000.0
1513555200000,2513940000.0
1513641600000,3071790000.0
1513728000000,3755010000.0
1513814400000,3083450000.0
1513900800000,4686080000.0
1513987200000,2377950000.0
1514073600000,2634840000.0
1514160000000,1709740000.0
1514246400000,1850150000.0
1514332800000,1940640000.0
1514419200000,2201500000.0
1514505600000,1932680000.0
1514592000000,2713290000.0
1514678400000,1929950000.0
1514764800000,1681610000.0
1514851200000,2632020000.0
1514937600000,2461680000.0
1515024000000,3203460000.0
1515110400000,3096040000.0
1515196800000,2622980000.0
1515283200000,2345900000.0
1515369600000,3798580000.0
1515456000000,2761970000.0
1515542400000,3152380000.0
1515628800000,3832640000.0
1515715200000,2683030000.0
1515801600000,2764200000.0
1515888000000,2952650000.0
1515974400000,2554490000.0
1516060800000,5541320000.0
1516147200000,5611060000.0
1516233600000,4270310000.0
1516320000000,2879550000.0
1516406400000,2935940000.0
1516492800000,3298380000.0
1516579200000,3254440000.0
1516665600000,3128360000.0
1516752000000,2618370000.0
1516838400000,2582940000.0
1516924800000,2950310000.0
1517011200000,2010950000.0
1517097600000,2540410000.0
1517184000000,2037230000.0
1517270703786,2026820000.0
1517356800000,3096270000.0
1517443200000,2662360000.0
1517529600000,3483370000.0
1517616000000,4799090000.0
1517702400000,2492940000.0
1517788800000,2509000000.0
1517875200000,3937090000.0
1517961600000,6266930000.0
1518048303284,3352860000.0
1518134400000,2495780000.0
1518220800000,1621940000.0
1518307200000,2632410000.0
1518393600000,2427580000.0
1518480000000,2463490000.0
1518566400000,2249290000.0
1518652800000,3041180000.0
1518739200000,3297560000.0
1518825600000,2617050000.0
1518912000000,2756700000.0
1518998400000,3140400000.0
1519084800000,2556800000.0
1519171200000,2960120000.0
1519257600000,2911040000.0
1519344000000,2928040000.0
1519430400000,2817600000.0
1519516800000,2418680000.0
1519603200000,1978000000.0
1519689600000,2383900000.0
1519776000000,2475340000.0
1519862400000,2396490000.0
1519948800000,2297490000.0
1520035200000,2180070000.0
1520121600000,2187790000.0
1520208000000,2092290000.0
1520294400000,2249900000.0
1520380800000,2480530000.0
1520467200000,3049800000.0
1520553600000,2650980000.0
1520640000000,3065810000.0
1520726400000,2276070000.0
1520812800000,2392100000.0
1520899200000,2166510000.0
1520985600000,1913310000.0
1521072000000,2124490000.0
1521158400000,2284550000.0
1521244800000,1840630000.0
1521331200000,1720280000.0
1521417600000,2636520000.0
1521504000000,2620560000.0
1521590400000,2510880000.0
1521676800000,2358290000.0
1521763200000,2170840000.0
1521849600000,1967700000.0
1521936000000,1796750000.0
1522022400000,1524270000.0
1522108800000,2179460000.0
1522195200000,2043760000.0
1522281600000,1870920000.0
1522368000000,2490790000.0
1522454400000,2597980000.0
1522540800000,1765870000.0
1522627200000,1829520000.0
1522713600000,1549630000.0
1522800000000,1753330000.0
1522886400000,1766920000.0
1522972800000,1611260000.0
1523059200000,1259950000.0
1523145600000,1329360000.0
1523232000000,1089360000.0
1523318400000,1663420000.0
1523404800000,1264100000.0
1523491200000,1725430000.0
1523577600000,2838132.8179972507
1523664000000,2972995.6143363058
1523750400000,988741.0331281706
1523836800000,843295.0773858895
1523923200000,2120618.852249747
1524009600000,1145016.7822893506
1524096000000,1154168.222049683
1524182400000,878384.539864357
1524268800000,1202118.4662146957
1524355200000,1030884.8640768793
1524441600000,797465.0799131572
1524528000000,887700.3408673084
1524614400000,2447442.5048555164
1524700800000,3872537.205069669
1524787200000,4328738.550851175
1524873600000,1982958.7211748774
1524960000000,1765326.2520496561
1525046400000,2003807.717574383
1525132800000,1729590.0505769944
1525219200000,1883772.0017515044
1525305600000,2465175.2346112044
1525392000000,572.5061997401427
1525478400000,4722808.819257982
1525564800000,1779218.9661569328
1525651200000,1160577.8499339563
1525737600000,2217845.1706808005
1525824000000,5989591.3936879365
1525910400000,3708335.9017930645
1525996800000,5860212.635210954
1526083200000,1938198.4524014008
1526169600000,1288836.0254269207
1526256000000,588062.8483211063
1526342400000,1286034.5933791075
1526428800000,1586606.626619518
1526515200000,1655577.0051953956
1526601600000,898460.7496660235
1526688000000,2215000.819085299
1526774400000,1193605.5007289622
1526860800000,550156.7784940904
1526947200000,1839341.2696346305
1527033600000,1902722.4134630484
1527120000000,1424828.0342265503
1527206400000,1369472.4550599826
1527292800000,1045315.8779446468
1527379200000,1029998.956496671
1527465600000,421562.7611409916
1527552000000,821200.1640181286
1527638400000,1697346.3349499388
1527724800000,1890410.2566171167
1527811200000,814795.8500419622
1527897600000,635111.4744407645
1527984000000,2284488.220571101
1528070400000,1421215.5589618674
1528156800000,1208516.7293087868
1528243200000,1305878.4511579953
1528329600000,2123260.6952979104
1528416000000,1642225.9212771317
1528502400000,434983.86741783295
1528588800000,291020.5215987088
1528675200000,1557517.206537041
1528761600000,1523509.1352636865
1528848000000,1185021.6708647716
1528934400000,1476714.3287955425
1529020800000,2954359.8882144443
1529107200000,2763878.2689901027
1529193600000,547686.6146382827
1529280000000,780954.9597060365
1529366400000,1223582.3430289247
1529452800000,1283164.173012112
1529539200000,1168874.4285048682
1529625600000,1173163.3517735302
1529712000000,1977950.0601719145
1529798400000,610017.2876868699
1529884800000,2063224.0598515393
1529971200000,1956735.0307923693
1530057600000,1358098.468457869
1530144000000,1501570.451714342
1530230400000,2535219.719787132
1530316800000,1057830.988940234
1530403200000,1521506.800604879
1530489600000,478369.22049042984
1530576000000,1107073.388164603
1530662400000,859616.0795813233
1530748800000,1084154.3513253012
1530835200000,611468.1642901534
1530921600000,999320.8590316597
1531008000000,645476.9898685842
1531094400000,355686.5239322419
1531180800000,727640.131207099
1531267200000,942674.717834401
1531353600000,1061248.125379162
1531440000000,1319818.6961597756
1531526400000,1265176.3769853183
1531612800000,2129116.5183942984
1531699200000,1696894.7658761607
1531785600000,4463640.891364367
1531872000000,2677167.4803236225
1531958400000,4619439.17982483
1532044800000,2081505.2912078775
1532131200000,1666775.4624410232
1532217600000,769647.9791780616
1532304000000,3075073.7508174297
1532390400000,2636452.9805307016
1532476800000,1889737.8503289386
1532563200000,1619302.3312014814
1532649600000,1526530.4543069596
1532736000000,1691461.236354506
1532822400000,316289.2164165322
1532908800000,3165230.4050047183
1532995200000,951179.1446705484
1533081600000,1615377.0740267874
1533168000000,913516.8910302728
1533254400000,828668.2608159336
1533340800000,1766019.605354982
1533427200000,629228.9190841878
1533513600000,30574447.63845502
1533600000000,121108672.71286127
1533686400000,81164838.1253856
1533772800000,140679136.51973078
1533859200000,2574369.383404907
1533945600000,5585816.609150104
1534032000000,2090185.700571755
1534118400000,2590987.688002217
1534204800000,5478123.340369907
1534291200000,98531640.67384937
1534377600000,109675394.8523238
1534464000000,104232705.56028168
1534550400000,69267509.06283951
1534636800000,92002426.00356773
1534723200000,67654795.70779435
1534809600000,63726024.194949284
1534896000000,61453618.35585492
1534982400000,94456844.90545014
1535068800000,39667161.36003168
1535155200000,45923369.03624835
1535241600000,31057541.50815508
1535328000000,32137787.484920904
1535414400000,69855020.1732918
1535500800000,106117405.91963519
1535587200000,120273727.76368591
1535673600000,114431190.87947384
1535760000000,99498842.62877457
1535846400000,112457670.28123234
1535932800000,128944425.9449654
1536019200000,83707328.68521567
1536105600000,92325772.09442899
1536192000000,159199540.9012459
1536278400000,171456014.9987444
1536364800000,131660254.75007541
1536451200000,109505173.3086093
1536537600000,139319186.6175836
1536624000000,145188131.89828366
1536710400000,149542385.36673272
1536796800000,144294630.3208605
1536883200000,147259662.45284465
1536969600000,153457980.90182647
1537056000000,112082132.88977736
1537142400000,111924746.99998511
1537228800000,140550021.12877575
1537315200000,140334543.06312495
1537401600000,113785163.67130493
1537488000000,118225584.0349562
1537574400000,211815031.34055725
1537660800000,130336623.54495701
1537747200000,113281738.94148834
1537833600000,135417232.44893277
1537920000000,165929123.01898435
1538006400000,135936950.47378808
1538092800000,151695982.40251103
1538179200000,146279560.223646
1538265600000,151431879.31296262
1538352000000,139339764.06859887
1538438400000,147267340.54163063
1538524800000,108791430.62934117
1538611200000,117307796.73897012
1538697600000,109163118.51043735
1538784000000,82904990.55543749
1538870400000,84072638.44935074
1538956800000,65173094.829102844
1539043200000,70625466.2823171
1539129600000,64067243.08500198
1539216000000,62179023.204940826
1539302400000,176485624.45736912
1539388800000,103905900.46154694
1539475200000,60636644.174209006
1539561600000,50247059.92404083
1539648000000,246203417.96966273
1539734400000,108158181.77538739
1539820800000,88978845.56993973
1539907200000,72237743.49075593
1539993600000,91279264.7016434
1540080000000,53175762.92037533
1540166400000,42000080.93612547
1540252800000,85638828.46086644
1540339200000,76219991.70180726
1540425600000,87281638.96105605
1540512000000,63012137.763688706
1540598400000,85023001.60605739
1540684800000,52224601.418779545
1540771200000,66459633.92200124
1540857600000,74861264.50799078
1540944000000,70119495.43087755
1541030400000,63741585.11531513
1541116800000,70780437.07928412
1541203200000,39349133.67774813
1541289600000,51519514.38057136
1541376000000,66787759.04815831
1541462400000,48925897.52936379
1541548800000,61192287.526739635
1541635200000,71896266.08196235
1541721600000,59362584.38875085
1541808000000,56743017.359666355
1541894400000,34412495.83479341
1541980800000,42381038.42001548
1542067200000,42732465.86535782
1542153600000,68534471.20408455
1542240000000,103210110.64710021
1542326400000,114761798.69600266
1542412800000,51790107.2016243
1542499200000,40965729.90562716
1542585600000,38180508.05052567
1542672000000,101413121.37803765
1542758400000,137399678.59025285
1542844800000,86199284.8945102
1542931200000,60328754.90762207
1543017600000,93265358.87288713
1543104000000,77977736.45370477
1543190400000,156596336.8035323
1543276800000,108959964.4876333
1543363200000,67512914.74231537
1543449600000,118364345.79370807
1543536000000,66594394.96416619
1543622400000,67160998.07154073
1543708800000,55586732.724678054
1543795200000,59864263.935262576
1543881600000,74868433.53567398
1543968000000,68013063.91955848
1544054400000,76903862.00644618
1544140800000,98986730.85897142
1544227200000,122179571.80468914
1544313600000,85964641.5742326
1544400000000,95271331.71510364
1544486400000,52934504.73203458
1544572800000,74853904.43195269
1544659200000,54668847.72349959
1544745600000,108842157.55171376
1544832000000,81153515.54810609
1544918400000,81486365.60460496
1545004800000,71026005.94914998
1545091200000,140595884.4073407
1545177600000,136669058.14927882
1545264000000,202407397.00075895
1545350400000,226040033.62533736
1545436800000,140505880.8939316
1545523200000,115486015.5577136
1545609600000,140123626.09073836
1545696000000,193825368.07583958
1545782400000,149017586.8900585
1545868800000,139102756.8094189
1545955200000,119495547.69858119
1546041600000,134285162.42261878
1546128000000,73987954.84032907
1546214400000,88135480.17617014
1546300800000,107660509.90219206
1546387200000,72615363.14718933
1546473600000,130083895.24062386
1546560000000,143883043.49660772
1546646400000,150530254.66113758
1546732800000,87968028.4969085
1546819200000,97781764.77359425
1546905600000,118440968.1671872
1546992000000,269118779.0756901
1547078400000,219557549.31154066
1547164800000,134597350.9675411
1547251200000,93701284.58992705
1547337600000,155025516.19808704
1547424000000,179047658.07179487
1547510400000,252385427.72228646
1547596800000,206378942.27503762
1547683200000,226042798.63173875
1547769600000,207892558.41548857
1547856000000,106136444.43984203
1547942400000,150509582.94028798
1548028800000,118098239.30873892
1548115200000,200081105.2984924
1548201600000,206265684.65594205
1548288000000,186480027.6440471
1548374400000,143197419.6957244
1548460800000,190994409.87081674
1548547200000,108040406.3709236
1548633600000,174594972.06689173
1548720000000,249850968.27269
1548806400000,5341854462.366126
1548892800000,5168135840.357825
1548979200000,4354176577.4014435
1549065600000,4420403451.632209
1549152000000,3886477386.6999464
1549238400000,4407766633.150624
1549324800000,4488479389.996229
1549411200000,4228745899.6576552
1549497600000,4936172435.751625
1549584000000,4244411127.2476277
1549670400000,7197323498.098081
1549756800000,5846811560.327732
1549843200000,6228624684.151221
1549929600000,6262338054.185516
1550016000000,6242431195.268634
1550102400000,6297792313.273714
1550188800000,14124091045.832573
1550275200000,6183126579.663423
1550361600000,5512192279.418931
1550448000000,6782940673.461649
1550534400000,10918429445.679121
1550620800000,10035501481.452673
1550707200000,9605435044.263481
1550793600000,8099360623.174735
1550880000000,7902879997.960882
1550966400000,10339563969.14228
1551052800000,14624851607.235842
1551139200000,11504557760.292189
1551225600000,8914035529.019533
1551312000000,8924064620.959019
1551398400000,9743115331.245068
1551484800000,6759380986.714311
1551571200000,8365461242.3840065
1551657600000,8474501004.088237
1551744000000,10787108438.99247
1551830400000,13365370137.698072
1551916800000,12502605485.048738
1552003200000,12179133136.747332
1552089600000,10999185676.605696
1552176000000,12269315044.342043
1552262400000,12185100674.756872
1552348800000,11989339438.813791
1552435200000,13208727728.03424
1552521600000,11604601130.42859
1552608000000,11545578289.8808
1552694400000,12652142426.327345
1552780800000,17498529744.03221
1552867200000,10378455428.320122
1552953600000,17710835502.701466
1553040000000,14589176966.00918
1553126400000,15760141451.659477
1553212800000,15967032912.042542
1553299200000,13187400839.160196
1553385600000,14611584521.802765
1553472000000,14780996541.619356
1553558400000,15536057979.35405
1553644800000,17794481845.853935
1553731200000,25790839030.697155
1553817600000,24601737980.99549
1553904000000,27126907637.191227
1553990400000,20663312396.41831
1554076800000,15416444877.25504
1554163200000,18567029814.767754
1554249600000,31547102896.097775
1554336000000,37985788547.258415
1554422400000,30097786443.25883
1554508800000,24637456202.05519
1554595200000,23953967938.679646
1554681600000,28473675101.240322
1554768000000,27833130364.0022
1554854400000,20138841299.527733
1554940800000,24316009448.418922
1555027200000,25987400787.10847
1555113600000,19489266845.548923
1555200000000,16378653204.411507
1555286400000,15851967799.742401
1555372800000,18918457515.215042
1555459200000,17222193366.955063
1555545600000,17785450672.673237
1555632000000,19220170678.015232
1555718400000,19421554648.24189
1555804800000,18055266451.802773
1555891200000,20340214071.374744
1555977600000,21242676274.151207
1556064000000,23822697096.15175
1556150400000,25460937567.82495
1556236800000,23475681158.346188
1556323200000,24834365728.650154
1556409600000,18819429795.921658
1556496000000,20045998450.404346
1556582400000,20374262705.408424
1556668800000,22841399110.513233
1556755200000,19912888967.180458
1556841600000,21195291821.43488
1556928000000,25494901227.51743
1557014400000,24487032206.28417
1557100800000,20296273129.692642
1557187200000,18675399337.14015
1557273600000,24882509338.01884
1557360000000,18173834233.738934
1557446400000,19096682609.555637
1557532800000,24774817111.38532
1557619200000,38241394554.899994
1557705600000,37271070567.77212
1557792000000,34742799577.89047
1557878400000,45308962630.28762
1557964800000,43301978192.97673
1558051200000,46337917310.91338
1558137600000,41759104406.396034
1558224000000,26264579666.07596
1558310400000,37510455695.16504
1558396800000,32174829523.68528
1558483200000,28826788866.50424
1558569600000,26512861258.236126
1558656000000,27971052179.670094
1558742400000,29326114734.67222
1558828800000,25518845172.63309
1558915200000,28974240293.419144
1559001600000,34728985899.91313
1559174400000,30048924220.807632
1559260800000,38384289519.78775
1559347200000,33141027238.172085
1559433600000,29018260935.851852
1559520000000,28177592510.0699
1559606400000,29963483658.863937
1559692800000,31790872440.255596
1559779200000,30788536393.447136
1559865600000,26814635587.214397
1559952000000,28112355877.97167
1560038400000,24339235839.749657
1560124800000,26604774761.99249
1560211200000,28371762721.754333
1560297600000,27885351908.844784
1560384000000,27987260340.661167
1560470400000,28135792220.931046
1560556800000,29408856003.5163
1560643200000,28939981289.078648
1560729600000,33591555228.428055
1560816000000,32648150633.291325
1560902400000,31592545398.492226
1560988800000,29363098574.229477
1561075200000,31945510855.078415
1561161600000,36213871218.687965
1561248000000,47173001896.226944
1561334400000,36863004752.6649
1561420800000,33495655091.130947
1561507200000,38060607067.95848
1561593600000,56829726377.53865
1561680000000,57542317244.38208
1561766400000,47360691929.32848
1561852800000,45311482594.83468
1561939200000,42633499131.79861
1562025600000,44049926618.81558
1562112000000,44614821900.26048
1562198400000,44099351278.89371
1562284800000,38913379740.641624
1562371200000,36978106233.24612
1562457600000,35153748157.91306
1562544000000,33589746567.12486
1562630400000,39234907930.11226
1562716800000,46685030019.81722
1562803200000,53418693199.262634
1562889600000,49464495672.43032
1562976000000,40613726064.59949
1563062400000,39982557208.187256
1563148800000,42169435429.82959
1563235200000,49555137657.77083
1563321600000,45463964133.683975
1563408000000,47115862666.99195
1563494400000,46433038048.8695
1563580800000,41165612186.86482
1563667200000,40258117106.87759
1563753600000,37899963944.52303
1563840000000,38466721204.00193
1563926400000,39602275781.109604
1564012800000,39856130799.82786
1564099200000,36490377718.39104
1564185600000,33431531943.172382
1564272000000,37175009406.03668
1564358400000,32742147534.95937
1564444800000,32682862704.735336
1564531200000,34557045505.841774
1564617600000,36578677807.06383
1564704000000,37458770008.26369
1564790400000,37791541447.12609
1564876800000,35988692781.83085
1564963200000,36931880109.93059
1565049600000,43439236300.58215
1565136000000,42932405475.15051
1565222400000,41863491595.673546
1565308800000,38769850392.717476
1565395200000,39758928446.56332
1565481600000,39737107351.52634
1565568000000,37216394173.55575
1565654400000,35077147744.90714
1565740800000,37411768930.20857
1565827200000,41156292600.39563
1565913600000,46008115419.86097
1566000000000,41792606538.08397
1566086400000,35268626772.806145
1566172800000,34526771342.97397
1566259200000,36693612402.73227
1566345600000,35168462671.145836
1566432000000,39649388477.44578
1566518400000,35678010931.500114
1566604800000,31831723620.33701
1566691200000,33327702170.56924
1566777600000,31490746566.612434
1566864000000,37977318155.29163
1566950400000,34179318063.767548
1567036800000,199423640523.8859
1567123200000,33687050165.087322
1567209600000,29327864498.82001
1567296000000,29438620417.681175
1567382400000,29366233015.323257
1567468800000,35144330208.88431
1567555200000,36781309152.031906
1567641600000,33739513614.836292
1567728000000,27898111315.019623
1567814400000,26244293343.38882
1567900800000,21662890657.025864
1567987200000,20662935514.115093
1568073600000,24449656420.477962
1568160000000,19868520825.11843
1568246400000,23760976959.159737
1568332800000,19113516111.37336
1568419200000,19158935823.727608
1568505600000,19746511246.444008
1568592000000,17756715649.039593
1568678400000,21023597738.505928
1568764800000,22455074367.394978
1568851200000,23090871333.853035
1568937600000,29087301589.271233
1569024000000,21353352045.86809
1569110400000,19171243112.482235
1569196800000,20183904895.218098
1569283200000,21295525547.07365
1569369600000,32311653809.385956
1569456000000,29175515369.542446
1569542400000,25741383574.330605
1569628800000,23117659567.145687
1569715200000,20545325370.656204
1569801600000,19048301856.556843
1569888000000,25847527149.9095
1569974400000,20854001122.69076
1570060800000,20855089798.99391
1570147200000,19572961483.375114
1570233600000,19298784145.09476
1570320000000,18892057466.130764
1570406400000,19605737575.620705
1570492800000,25559983804.799576
1570579200000,23361854578.7939
1570665600000,27325803072.616024
1570752000000,24995849749.731598
1570838400000,26069363993.52469
1570924800000,21445472846.22796
1571011200000,19731508334.59463
1571097600000,20481025331.244766
1571184000000,21493954351.51166
1571270400000,22778736976.499344
1571356800000,21017194197.26678
1571443200000,23001663306.631252
1571529600000,19614059974.66071
1571616000000,21726972960.356358
1571702400000,20519706077.13686
1571788800000,22592600143.98734
1571875200000,27816653007.091927
1571961600000,21576189844.419712
1572048000000,39805653923.93424
1572134400000,55987960238.0415
1572220800000,43087750578.29668
1572307200000,40864168912.69023
1572393600000,39273058912.10073
1572480000000,36077163962.78493
1572566400000,35532580746.11801
1572652800000,32143190075.738434
1572739200000,37020985766.282196
1572825600000,35606245349.6266
1572912000000,36846094171.167946
1572998400000,35016718660.81047
1573084800000,32499542400.389664
1573171200000,32029646985.29064
1573257600000,32889531255.817123
1573344000000,24322997830.254333
1573430400000,29388838134.67308
1573516800000,27167436432.38756
1573603200000,27295538643.299187
1573689600000,23557537652.97845
1573776000000,26038460288.474266
1573862400000,29250394793.771206
1573948800000,21907019693.811718
1574035200000,24109469983.308346
1574121600000,28356386247.142357
1574208000000,26197290937.739895
1574294400000,23864504727.597954
1574380800000,29584385318.684963
1574467200000,42906098775.249084
1574553600000,26505424422.35447
1574640000000,26761650455.890446
1574726400000,36734741081.58457
1574812800000,26889139669.217514
1574899200000,30591386806.213097
1574985600000,22857515724.67355
1575072000000,24099380304.998596
1575158400000,19383832515.74999
1575244800000,23688721937.09547
1575331200000,19906240091.458874
1575417600000,17978581741.995876
1575504000000,26076009963.415268
1575590400000,23549639360.587555
1575676800000,20773814305.282063
1575763200000,17694479338.91777
1575849600000,18021228132.27915
1575936000000,20265072716.996353
1576022400000,19627445983.201916
1576108800000,18295188578.36149
1576195200000,20234407853.524532
1576281600000,19210398968.547558
1576368000000,20532566791.521225
1576454400000,19531688421.926453
1576540800000,25604257514.955753
1576627200000,29628496619.265736
1576713600000,39441541698.76367
1576800000000,25115083576.51743
1576886400000,24999882712.007595
1576972800000,19640631770.19418
1577059200000,26319649536.412926
1577145600000,31581344213.08287
1577232000000,27670400827.5384
1577318400000,25299966599.725178
1577404800000,26597921313.51084
1577491200000,27571086947.887157
1577577600000,24623175200.33464
1577664000000,25074340447.09224
1577750400000,25345399271.788616
1577836800000,23700467688.597626
1577923200000,20511330406.674465
1578009600000,22785123515.581898
1578096000000,34359766805.71312
1578182400000,23242310022.858974
1578268800000,25499195568.806232
1578355200000,32170855517.2865
1578441600000,38566149172.81088
1578528000000,41309963723.6954
1578614400000,31855695067.773724
1578700800000,39342110024.91291
1578787200000,34614915677.69449
1578873600000,29450782375.852303
1578960000000,29491433579.915695
1579046400000,70376678351.42145
1579132800000,57728408600.02831
1579219200000,44913821772.44957
1579305600000,52914761703.3385
1579392000000,49212911786.04843
1579478400000,49853909284.7254
1579564800000,34635136455.02754
1579651200000,32056660166.936714
1579737600000,30662512551.840458
1579824000000,35688764491.40632
1579910400000,37805953713.07573
1579996800000,31241223289.113647
1580083200000,36708874104.71233
1580169600000,49516047672.77202
1580256000000,58290792407.472824
1580342400000,57787218862.40493
1580428800000,65338196682.927795
1580515200000,63083137863.675835
1580601600000,62333602428.36928
1580688000000,70633299956.59721
1580774400000,72074860985.64421
1580860800000,69616898293.4287
1580947200000,83367665666.77362
1581033600000,89456430446.92986
1581120000000,89855187101.49152
1581206400000,93961336140.33603
1581292800000,100945702635.24588
1581379200000,106352560942.68538
1581465600000,46750756586.52256
1581552000000,57978692410.21687
1581638400000,71399518927.5377
1581724800000,65602990735.9234
1581811200000,70029696425.96321
1581897600000,55975123555.71236
1581984000000,64384114671.17158
1582070400000,70299261237.21727
1582156800000,65196416436.48433
1582243200000,72007263154.84265
1582329600000,43693281116.5608
1582416000000,37409628165.20042
1582502400000,44933931790.78866
1582588800000,50814470266.30067
1582675200000,48218794419.31541
1582761600000,60222173759.006355
1582848000000,53511612145.49837
1582934400000,50928255293.28052
1583020800000,39523155374.76641
1583107200000,40679056015.069176
1583193600000,62844694239.69653
1583280000000,69962062115.36945
1583366400000,43525699046.66516
1583452800000,46015872915.016624
1583539200000,48040883409.130745
1583625600000,44669108239.37727
1583712000000,41092822471.060905
1583798400000,60711640591.94306
1583884800000,47930121433.38325
1583971200000,45304260520.12959
1584057600000,65370235004.51704
1584144000000,92226829877.40114
1584230400000,39487890716.07522
1584316800000,41647999561.05808
1584403200000,50934758342.763794
1584489600000,44460007814.426414
1584576000000,43824087657.32284
1584662400000,59937178587.72581
1584748800000,65487737812.20043
1584835200000,50189758583.7647
1584921600000,45666848648.790924
1585008000000,53286026951.02652
1585094400000,53554483664.08859
1585180800000,47596191600.245384
1585267200000,39180907039.91991
1585353600000,39075047613.05333
1585440000000,41891748335.442604
1585526400000,32157860776.982014
1585612800000,43018394294.533485
1585699200000,37371758622.055305
1585785600000,40351116424.727905
1585872000000,54229506608.48683
1585958400000,44649563860.51618
1586044800000,38060128235.63738
1586131200000,34785326791.91161
1586217600000,56381821883.68184
1586304000000,55214734210.64167
1586390400000,49515233520.60701
1586476800000,43567794450.27886
1586563200000,51970144128.44539
1586649600000,38381907240.91278
1586736000000,43163061139.33908
1586822400000,48857612973.61726
1586908800000,41681304662.60718
1586995200000,38885674226.81375
1587081600000,61976472217.65739
1587168000000,40776778662.852295
1587254400000,45490197746.04875
1587340800000,43089462603.40397
1587427200000,53459844830.364655
1587513600000,41986273919.18073
1587600000000,43904285472.12395
1587686400000,53558553516.51579
1587772800000,44001584613.69506
1587859200000,42857863260.703
1587945600000,45033285595.4771
1588032000000,47193280712.58293
1588118400000,43595220244.48609
1588204800000,75958226742.98386
1588291200000,84999917731.29776
1588377600000,55197921796.506424
1588464000000,47700364820.9669
1588550400000,55765464906.53109
1588636800000,57630724245.32456
1588723200000,52386275320.101555
1588809600000,56226762724.29138
1588896000000,68944822444.00212
1588982400000,60270913930.14915
1589068800000,56552333548.64607
1589155200000,78389785215.82169
1589241600000,66424573913.48932
1589328000000,47760079591.98937
1589414400000,50545487123.40242
1589500800000,59178153296.753685
1589587200000,49089484777.71272
1589673600000,40618057109.89284
1589760000000,42084041224.16996
1589846400000,46748899695.666855
1589932800000,43209788532.71389
1590019200000,41243470467.918236
1590105600000,43225592717.8193
1590192000000,32937533708.43999
1590278400000,30552160155.6397
1590364800000,34920026490.888176
1590451200000,34013862995.972046
1590537600000,29617065031.25226
1590624000000,31322648591.135464
1590710400000,34797264723.70739
1590796800000,33620246092.314686
1590883200000,37235543390.38031
1590969600000,32627799631.717827
1591056000000,34048708842.351543
1591142400000,42872995283.20316
1591228800000,29442673057.601025
1591315200000,30187602640.278442
1591401600000,28734958998.505394
1591488000000,22910480210.61739
1591574400000,28210803967.2387
1591660800000,24172777707.389256
1591747200000,26552439420.947216
1591833600000,27388578283.85683
1591920000000,38003904519.30277
1592006400000,28744857527.188385
1592092800000,23355108349.00163
1592179200000,22865446153.535843
1592265600000,35039555236.67991
1592352000000,26639060169.804592
1592438400000,20909232570.602787
1592524800000,18625870198.266678
1592611200000,22376136141.213184
1592697600000,17480394343.707615
1592784000000,17419231016.229588
1592870400000,22699390532.037083
1592956800000,20664373416.550957
1593043200000,23155567662.136223
1593129600000,20789038541.34347
1593216000000,20393765143.247322
1593302400000,19436079383.763714
1593388800000,17870128211.01404
1593475200000,18799274674.86464
1593561600000,17274516831.34366
1593648000000,18550074178.8666
1593734400000,17977098574.312508
1593820800000,16321674173.378328
1593907200000,16029612919.628395
1593993600000,16567482577.675608
1594080000000,25444931938.95046
1594166400000,19384001352.666412
1594252800000,22921524144.66786
1594339200000,20256549937.640617
1594425600000,17302019437.36147
1594512000000,15114579704.196287
1594598400000,16323711434.78432
1594684800000,19668542756.660885
1594771200000,18335355881.545506
1594857600000,16408360294.338612
1594944000000,18648706543.404217
1595030400000,15220945794.863234
1595116800000,14258134177.943882
1595203200000,15535523295.355022
1595289600000,17854702861.515415
1595376000000,19597893160.433495
1595462400000,18165018452.377995
1595548800000,19021249993.149014
1595635200000,19953796003.256134
1595721600000,23254711181.39502
1595808000000,26864814368.891567
1595894400000,39319586340.57011
1595980800000,34821890824.426414
1596067200000,28422173043.706738
1596153600000,28117378154.96257
1596240000000,27673049712.20945
1596326400000,35103857611.16588
1596412800000,40139374760.16904
1596499200000,28941879575.674217
1596585600000,28762359113.653934
1596672000000,27504907872.25747
1596758400000,27830621831.799835
1596844800000,31470497321.42682
1596931200000,25882723936.216022
1597017600000,26752535463.02327
1597104000000,34055074962.86306
1597190400000,35736281858.61371
1597276800000,34892410681.11405
1597363200000,38251376244.93908
1597449600000,33091182634.2067
1597536000000,34427440251.3976
1597622400000,32550433816.11491
1597708800000,37455083629.70348
1597795200000,38397719107.35126
1597881600000,36401433567.62797
1597968000000,33184899863.669483
1598054400000,39741010255.02947
1598140800000,33313211681.41461
1598227200000,30892345717.984447
1598313600000,31753309180.466667
1598400000000,37747754072.57855
1598486400000,34806112585.19398
1598572800000,34566522790.59101
1598659200000,30966170779.181282
1598745600000,31856478490.168427
1598832000000,34995843752.21526
1598918400000,35149377246.8216
1599004800000,43238751763.63321
1599091200000,43203111185.57032
1599177600000,42325734952.03127
1599264000000,46189183373.40874
1599350400000,53094244103.058105
1599436800000,47558729226.99162
1599523200000,43620239193.98532
1599609600000,41522196713.78026
1599696000000,35189730702.499825
1599782400000,43935764280.590225
1599868800000,35346029129.33285
1599955200000,34624098988.29238
1600041600000,36241617624.53248
1600128000000,39656336899.97155
1600214400000,38756861577.17954
1600300800000,39579829043.50882
1600387200000,40146468289.57957
1600473600000,39379267435.853836
1600560000000,33335946545.545692
1600646400000,33781763220.9815
1600732800000,41573547147.14769
1600819200000,33999511557.303665
1600905600000,32234446705.418407
1600992000000,35072281090.77512
1601078400000,31993619553.30964
1601164800000,28820863359.592865
1601251200000,29307720522.05201
1601337600000,31026546672.73944
1601424000000,30129035765.952953
1601510400000,28716486086.136436
1601596800000,32284651454.08837
1601683200000,33247155372.129925
1601769600000,25056972871.50884
1601856000000,25078715306.00579
1601942400000,26988928629.293194
1602028800000,31332353954.90778
1602115200000,27990241489.113285
1602201600000,30899909592.808167
1602288000000,31230457376.66138
1602374400000,31103442135.11486
1602460800000,26967741736.703255
1602547200000,32385321214.27243
1602633600000,31104948901.265392
1602720000000,30922872467.019268
1602806400000,30259351504.450638
1602892800000,29426226651.73299
1602979200000,23144276109.247574
1603065600000,23155968889.66905
1603152000000,24207650510.198437
1603238400000,25885638598.759468
1603324800000,31335051766.55773
1603411200000,32926083270.942074
1603497600000,29920135253.00299
1603584000000,26528327915.08428
1603670400000,25216008425.71063
1603756800000,35365172506.107544
1603843200000,30794835442.582516
1603929600000,35017855627.9569
1604016000000,30534072185.08619
1604102400000,32067020214.576122
1604188800000,28108751849.172264
1604275200000,24738101276.266407
1604361600000,30323951753.657074
1604448000000,27767959284.91922
1604534400000,32152003554.171776
1604620800000,39163578587.22821
1604707200000,43510835201.85125
1604793600000,43124008602.436
1604880000000,31316950434.71786
1604966400000,36209564647.81559
1605052800000,30413028370.69041
1605139200000,32189787692.863056
1605225600000,32602360313.24418
1605312000000,31742675284.64406
1605398400000,28619602669.69115
1605484800000,26040137067.849957
1605571200000,31674188936.32014
1605657600000,40078699659.26613
1605744000000,49101779954.93083
1605830400000,40154707935.65297
1605916800000,40703813948.390465
1606003200000,54698161931.41262
1606089600000,59071231387.87892
1606176000000,61758112032.46748
1606262400000,74898919467.77365
1606348800000,56164630316.22303
1606435200000,81120761697.38936
1606521600000,50716411874.17779
1606608000000,43889167309.71143
1606694400000,41391835037.53051
1606780800000,56688978353.28659
1606867200000,63527547983.12998
1606953600000,47889212626.909325
1607040000000,39841762132.095505
1607126400000,43718444845.25234
1607212800000,39025341308.24153
1607299200000,34949028389.17288
1607385600000,34758671978.83057
1607472000000,38931773030.44754
1607558400000,48478209602.07313
1607644800000,36868153695.04304
1607731200000,39300262409.13549
1607817600000,33920748216.927147
1607904000000,35716330657.27176
1607990400000,31906308924.990543
1608076800000,34912750509.05307
1608163200000,50622191918.89851
1608249600000,80217750873.3627
1608336000000,55476232083.698814
1608422400000,50813884203.48452
1608508800000,50642166155.9795
1608595200000,56045236102.61864
1608681600000,56285751885.75779
1608768000000,65223503054.45911
1608854400000,58339107535.24187
1608940800000,55538895732.6606
1609027200000,56722879090.859406
1609113600000,72620203805.89838
1609200000000,59541015354.864624
1609286400000,57716128688.252785
1609372800000,56031648977.853745
1609459200000,50122642446.09134
1609545600000,46908184579.778656
1609632000000,65600559358.04798
1609718400000,88050410443.81592
1609804800000,107933689971.92683
1609891200000,94209342878.68344
1609977600000,102226578773.9809
1610064000000,112491987599.54878
1610150400000,116098707019.9269
1610236800000,88843690833.95743
1610323200000,113187178994.25511
1610409600000,151288274893.9023
1610496000000,98641615847.47221
1610582400000,88304528335.44354
1610668800000,83470865703.92484
1610755200000,96992240843.62924
1610841600000,94463862958.58073
1610928000000,89790741770.63055
1611014400000,75752435427.7289
1611100800000,95230363079.66899
1611187200000,98400901337.33005
1611273600000,98500138249.87909
1611360000000,109499932960.65395
1611446400000,74584935867.30522
1611532800000,75389392521.67853
1611619200000,81887567858.67982
1611705600000,77742955151.28645
1611792000000,77086984667.78821
1611878400000,82157957940.68674
1611964800000,140262643568.02084
1612051200000,87677250379.13432
1612137600000,77589141304.68518
1612224000000,87376525506.66808
1612310400000,86161399686.68977
1612396800000,80620809731.1088
1612483200000,96063694555.143
1612569600000,88244095697.45523
1612656000000,88304160292.66365
1612742400000,100586645553.91893
1612828800000,119093931026.51341
1612915200000,120396047618.69061
1613001600000,127287128355.97937
1613088000000,105042899243.6551
1613174400000,107178685500.87315
1613260800000,108239708913.8269
1613347200000,98377990878.4068
1613433600000,115699648181.2932
1613520000000,101810739531.31964
1613606400000,103048013177.70648
1613692800000,97785999949.23138
1613779200000,118559600571.5314
1613865600000,136195625535.18416
1613952000000,114500959703.86371
1614038400000,170201717747.032
1614124800000,194421864595.4662
1614211200000,130287922403.37346
1614297600000,102931863403.14032
1614384000000,130682746510.06456
1614470400000,93002675832.32587
1614556800000,114592683043.66782
1614643200000,105652635751.60808
1614729600000,95192365145.85048
1614816000000,97874443745.56467
1614902400000,106263564693.55008
1614988800000,94999863454.56818
1615075200000,76330557958.97618
1615161600000,77905261747.05516
1615248000000,93938027402.28143
1615334400000,100527600052.33662
1615420800000,102564465265.42084
1615507200000,103544909716.3677
1615593600000,104151500454.69743
1615680000000,110974728095.68736
1615766400000,89031352800.74438
1615852800000,115152243544.5161
1615939200000,103867884971.96565
1616025600000,97566273638.4185
1616112000000,89067622560.17903
1616198400000,81485059573.29657
1616284800000,82315556818.72185
1616371200000,81063542767.85997
1616457600000,89918317301.61862
1616544000000,92875884664.2632
1616630400000,97948362051.82492
1616716800000,105238802094.74226
1616803200000,86727658288.7391
1616889600000,80424190877.08372
1616976000000,75106778250.19618
1617062400000,88932229088.80779
1617148800000,92130603672.3376
1617235200000,107712875950.88474
1617321600000,114529212306.29211
1617408000000,108843432225.41795
1617494400000,113508035630.07138
1617580800000,106097434674.2638
1617667200000,133728450214.34415
1617753600000,144419699226.40887
1617840000000,151690553339.61374
1617926400000,103502487606.07144
1618012800000,94413452141.4849
1618099200000,118138129937.97644
1618185600000,112616270854.3845
1618272000000,123526024653.76822
1618358400000,152420222312.98672
1618444800000,178587906699.99283
1618531200000,144410423285.8531
1618617600000,232561167693.11935
1618704000000,181717000572.79446
1618790400000,231570650959.96423
1618876800000,174848555244.3828
1618963200000,175713889295.87888
1619049600000,128776912190.93001
1619136000000,165685803341.1639
1619222400000,196113945001.94534
1619308800000,108407102375.35927
1619395200000,98075318188.94676
1619481600000,124925410140.9797
1619568000000,106829921912.76149
1619654400000,119721365677.91833
1619740800000,107508264231.07689
1619827200000,110625638109.90012
1619913600000,106206655273.63322
1620000000000,102052657221.7923
1620086400000,129964701804.95116
1620172800000,198861996899.27676
1620259200000,203681934555.9325
1620345600000,213475746556.7577
1620432000000,196217441068.6106
1620518400000,176309942596.3211
1620604800000,202213537393.18616
1620691200000,205115226774.04752
1620777600000,192572889995.3891
1620864000000,192262976227.23734
1620950400000,258102843038.13275
1621036800000,175624828057.72272
1621123200000,182413976652.30734
1621209600000,177763991262.36295
1621296000000,192659135466.05188
1621382400000,163210282173.65356
1621468800000,295373009693.4905
1621555200000,226146590456.9112
1621641600000,186050117657.16104
1621728000000,140620569897.16092
1621814400000,172754515770.48016
1621900800000,167907872268.35626
1621987200000,138658768451.83243
1622073600000,123158893927.66017
1622160000000,108509110732.50256
1622246400000,121041404164.54814
1622332800000,111548784407.9107
1622419200000,95498961356.99562
1622505600000,106333238880.51338
1622592000000,105832691437.93044
1622678400000,97323504109.90369
1622764800000,86892392429.19434
1622851200000,100628382567.53708
1622937600000,81173603488.5821
1623024000000,60531968484.720894
1623110400000,76174863843.74341
1623196800000,106418841188.68985
1623283200000,100067211690.50099
1623369600000,79669972988.32661
1623456000000,66514923299.29223
1623542400000,69548566118.28033
1623628800000,66539632553.562996
1623715200000,72213893675.94827
1623801600000,65068923450.432205
1623888000000,63640379589.6704
1623974400000,59354282650.52788
1624060800000,61477956089.01556
1624147200000,50151966978.125015
1624233600000,62168327232.81384
1624320000000,89774922719.69771
1624406400000,103160369172.5121
1624492800000,76191360476.31712
1624579200000,62113762370.97839
1624665600000,69467202230.61816
1624752000000,65951955503.54666
1624838400000,58288975533.36339
1624924800000,63879176758.65697
1625011200000,69037137059.70958
1625097600000,66616719526.74056
1625184000000,60034178044.13743
1625270400000,50482915323.62427
1625356800000,45167551909.58669
1625443200000,44490230128.09474
1625529600000,51934542315.192894
1625616000000,53122112243.686485
1625702400000,48556916261.13137
1625788800000,55354437105.01642
1625875200000,50142997081.30558
1625961600000,39308222825.926094
1626048000000,32369587800.25921
1626134400000,39341151131.63773
1626220800000,39181144290.74718
1626307200000,44457108723.07624
1626393600000,42942514427.41806
1626480000000,40996300778.208984
1626566400000,35876567285.147484
1626652800000,34327353001.949257
1626739200000,38292564096.33782
1626825600000,42969296506.60589
1626912000000,55470910634.56419
1626998400000,43428813456.05195
1627084800000,46110441880.94885
1627171200000,51078732780.1112
1627257600000,43060798847.184654
1627344000000,87720501569.91525
1627430400000,65488125867.646065
1627516800000,62045341329.615135
1627603200000,44227225786.782166
1627689600000,55481278441.35013
1627776000000,49381844742.16617
1627862400000,50790427042.61297
1627948800000,51360534464.77406
1628035200000,50117322090.727234
1628121600000,49828010654.856514
1628208000000,64426994853.92411
1628294400000,64400922323.84754
1628380800000,76343156252.16708
1628467200000,71557817161.97499
1628553600000,74432571540.15111
1628640000000,65194978746.79913
1628726400000,74371494540.5047
1628812800000,72065705126.52036
1628899200000,60466877018.797905
1628985600000,62758717544.31349
1629072000000,63903879901.43939
1629158400000,69259980945.51074
1629244800000,72440876143.01497
1629331200000,64659327807.57163
1629417600000,64949224291.4205
1629504000000,60897603903.82812
1629590400000,64032558324.40543
1629676800000,48676818757.0202
1629763200000,63450185050.95625
1629849600000,66526344855.71648
1629936000000,63803332498.8003
1630022400000,61483045476.30232
1630108800000,62528481402.73714
1630195200000,49534809914.26845
1630281600000,48188982102.5378
1630368000000,55804608063.10585
1630454400000,69335489587.16653
1630540800000,72109548048.23456
1630627200000,70543006790.26837
1630713600000,78221092961.3902
1630800000000,68373910232.73963
1630886400000,68724863272.78864
1630972800000,76606648660.5461
1631059200000,132982284043.22202
1631145600000,106096351917.73431
1631232000000,87350426696.89276
1631318400000,78831937625.01959
1631404800000,68482616889.803505
1631491200000,63775009073.137344
1631577600000,84213619418.71512
1631664000000,67613192900.958084
1631750400000,60094137365.78269
1631836800000,65963229617.780426
1631923200000,57809831016.77041
1632009600000,53536342230.729904
1632096000000,52644305155.28111
1632182400000,91314255997.48254
1632268800000,85808893180.66243
1632355200000,73738822420.25029
1632441600000,63721474412.4363
1632528000000,85090629607.86754
1632614400000,63422704209.43763
1632700800000,71047794718.79817
1632787200000,64944551950.36729
1632873600000,59357602146.228874
1632960000000,58421886323.27575
1633046400000,59373450628.82089
1633132800000,76546216711.57822
1633219200000,63059657751.09597
1633305600000,56279115641.37639
1633392000000,68459935985.74564
1633478400000,71994085696.69577
1633564800000,90730364994.83272
1633651200000,84443307840.81209
1633737600000,74432424236.9519
1633824000000,64931192051.96627
1633910400000,65362047383.38599
1633996800000,71922119605.72949
1634083200000,66146145970.0371
1634169600000,70010581413.61295
1634256000000,62076369115.389595
1634342400000,82702631102.2647
1634428800000,62084141023.269394
1634515200000,51134503343.04918
1634601600000,61874874893.06968
1634688000000,57284066107.83254
1634774400000,62546170873.32983
1634860800000,77111048380.16653
1634947200000,69604343929.82585
1635033600000,52758017829.77415
1635120000000,61643865815.917015
1635206400000,61843552131.13039
1635292800000,70732310466.97664
1635379200000,111079024895.2766
1635465600000,119751180052.9552
1635552000000,83396711625.3134
1635638400000,76041095793.26897
1635724800000,81300388758.8545
1635811200000,78383184024.74883
1635897600000,926767674515.1359
1635984000000,129461749352.89844
1636070400000,80429821680.38495
1636156800000,69935661471.98738
1636243200000,62148931495.45326
1636329600000,51023872196.6041
1636416000000,76474192227.44539
1636502400000,85948918160.4393
1636588800000,102308318365.04454
1636675200000,75932344480.42873
1636761600000,77462009060.02536
1636848000000,59295211825.65452
1636934400000,49557582733.341286
1637020800000,58835988895.024796
1637107200000,90751452817.16142
1637193600000,76647805465.24744
1637280000000,84042430206.57727
1637366400000,73979354358.4162
1637452800000,61220689906.93662
1637539200000,59845824443.72823
1637625600000,70612347651.54381
1637712000000,79498269970.80035
1637798400000,78690316488.69682
1637884800000,83182243896.24495
1637971200000,93703953175.14479
1638057600000,65174231892.54135
1638144000000,64696459403.56725
1638230400000,64422285127.49365
1638316800000,77903647940.8796
1638403200000,71739462615.37086
1638489600000,66463745821.07241
1638576000000,80036898639.57993
1638662400000,116526991013.602
1638748800000,70119447909.29665
1638835200000,82163517270.613
1638921600000,65907345018.707634
1639008000000,59743800234.513725
1639094400000,59523661455.53611
1639180800000,60222119616.85119
1639267200000,52283713492.23122
1639353600000,41144647497.26082
1639440000000,60765150718.26841
1639526400000,66074380689.805756
1639612800000,71759566149.13818
1639699200000,54989839083.89934
1639785600000,66684874881.888016
1639872000000,56360326798.85925
1639958400000,50252938999.201775
1640044800000,65225513645.80567
1640131200000,53808596864.675186
1640217600000,52919369147.368576
1640304000000,61609424092.42059
1640390400000,54356891469.00338
1640476800000,44025539295.41343
1640563200000,45377838494.41153
1640649600000,48864847059.14342
1640736000000,64358413846.65348
1640822400000,55583893985.17862
1640908800000,48868049781.13505
1640995200000,49196717110.794
1641081600000,38101900234.8178
1641168000000,35584063769.97802
1641254400000,49571178475.13844
1641340800000,52215823893.78333
1641427200000,66142943858.51873
1641513600000,61506467926.2826
1641600000000,76248643217.62045
1641686400000,54020042907.91013
1641772800000,43865832492.319725
1641859200000,61684214451.0833
1641945600000,62955340038.965225
1642032000000,51924932037.69593
1642118400000,51257929068.77951
1642204800000,50376244119.025055
1642291200000,36607366340.40375
1642377600000,37225946173.96483
1642464000000,45484203025.236595
1642550400000,46772567826.102325
1642636800000,44980654361.771034
1642723200000,46245235378.69177
1642809600000,79895239034.54547
1642896000000,85185402829.27399
1642982400000,56471809484.07798
1643068800000,80137055338.21915
1643155200000,53644306754.64893
1643241600000,60759985595.43315
1643328000000,50779345547.06622
1643414400000,45928958736.335396
1643500800000,34858716523.786575
1643587200000,30309259657.797886
1643673600000,37880065303.479805
1643760000000,36738926224.11053
1643846400000,38064751930.15537
1643932800000,36776101831.00063
1644019200000,50685760562.36626
1644105600000,43588245322.142845
1644192000000,33266025688.037
1644278400000,54365206254.77577
1644364800000,60947743992.19939
1644451200000,46432189640.58866
1644537600000,59989477769.37027
1644624000000,51966812957.19449
1644710400000,39233603347.596634
1644796800000,31004587960.23733
1644883200000,38881809504.44803
1644969600000,42565819142.54067
1645056000000,38282719860.16241
1645142400000,46341543317.71934
1645228800000,40751384129.85855
1645315200000,28774290103.614235
1645401600000,34349093215.632732
1645488000000,51529444154.03208
1645574400000,46543371876.529366
1645660800000,42296974020.448364
1645747200000,82085176750.29387
1645833600000,51572337442.00359
1645920000000,36450975757.51074
1646006400000,43608439456.52026
1646092800000,58228899349.40055
1646179200000,59260916136.981316
1646265600000,54698413126.26298
1646352000000,48949394776.17179
1646438400000,55857406539.94197
1646524800000,40346648679.51757
1646611200000,40268847176.724266
1646697600000,53909005589.53851
1646784000000,51012477502.71424
1646870400000,54786660759.04603
1646956800000,54043624747.65513
1647043200000,47548003128.115746
1647129600000,29810718667.115242
1647216000000,32010808554.124603
1647302400000,41243569480.33183
1647388800000,41933112358.22615
1647475200000,58480673201.282265
1647561600000,41525704846.59936
1647648000000,47704991187.76158
1647734400000,41718338151.79512
1647820800000,41659828611.01242
1647907200000,48077040241.649796
1647993600000,54922193565.53534
1648080000000,49806641102.023575
1648166400000,57449889702.645706
1648252800000,54358882016.15232
1648339200000,33541378468.56302
1648425600000,47314345458.72175
1648512000000,68760231988.86754
1648598400000,64361346393.19457
1648684800000,63808614297.02513
1648771200000,71216398927.78795
1648857600000,75778712620.1088
1648944000000,64785681630.30662
1649030400000,54545569031.49016
1649116800000,65141274081.00011
1649203200000,59834020421.38003
1649289600000,79495709485.20483
1649376000000,56302450091.23148
1649462400000,58600559397.987625
1649548800000,37078489713.303
1649635200000,37485416838.87201
1649721600000,64848734795.277466
1649808000000,62450044403.596436
1649894400000,52779464627.57896
1649980800000,48379418415.34399
1650067200000,39858532327.79374
1650153600000,31915932062.307056
1650240000000,35874456217.82452
1650326400000,62683460754.04553
1650412800000,52203857295.402336
1650499200000,58792094904.72536
1650585600000,68187502635.603615
1650672000000,55616984621.238464
1650758400000,35138284203.69233
1650844800000,35477151594.79549
1650931200000,66371722904.84553
1651017600000,62432563644.81657
1651104000000,56020755570.758125
1651190400000,60407700489.92876
1651276800000,58256039342.06173
1651363200000,46803422697.199295
1651449600000,51024532583.465034
1651536000000,54204899478.984985
1651622400000,42588775990.10183
1651708800000,58210506142.83146
1651795200000,69231991898.26894
1651881600000,62277908159.216255
1651968000000,43766711609.74511
1652054400000,62841996907.1689
1652140800000,103063943707.14838
1652227200000,112588631117.7101
1652313600000,149603764419.6389
1652400000000,132259308337.14517
1652486400000,75813499555.86333
1652572800000,54179108733.14907
1652659200000,48374792028.868126
1652745600000,58842890813.476
1652832000000,48961061703.367714
1652918400000,47953137802.733154
1653004800000,51671115899.792564
1653091200000,47031193645.86664
1653177600000,29398599782.78087
1653264000000,33846701614.601044
1653350400000,48656268210.312294
1653436800000,42574391547.36637
1653523200000,41044607104.102905
1653609600000,58941772868.09168
1653696000000,59487875388.23608
1653782400000,32984797770.589886
1653868800000,25621699607.25038
1653955200000,57255328109.99732
1654041600000,49972016539.31704
1654128000000,54691364502.28903
1654214400000,36976444033.34675
1654300800000,32247511606.470272
1654387200000,20408536351.025272
1654473600000,20339048017.316334
1654560000000,38813144709.48214
1654646400000,52407169265.7973
1654732800000,40758288442.05518
1654819200000,27684871362.012295
1654905600000,36433993612.708046
1654992000000,36455427345.93367
1655078400000,45470539957.97197
1655164800000,97670512389.2243
1655251200000,77729840012.58226
1655337600000,85953586536.11925
1655424000000,50448023703.66962
1655510400000,43923972966.941475
1655596800000,59241588503.518684
1655683200000,55314266867.93907
1655769600000,48000738299.93779
1655856000000,44528688377.55739
1655942400000,41441873470.93056
1656028800000,43868691242.77724
1656115200000,39867284342.63236
1656201600000,31310349043.248238
1656288000000,29655045289.054756
1656374400000,46386542636.13615
1656460800000,48991691771.60869
1656547200000,53912475028.56742
1656633600000,55599294671.52515
1656720000000,63310569395.484764
1656806400000,37636103657.92448
1656892800000,37816572789.86819
1656979200000,47779833723.51042
1657065600000,54410348935.16554
1657152000000,51804920793.75628
1657238400000,46101885052.58206
1657324800000,66056522019.2848
1657411200000,50504901220.45543
1657497600000,48915494239.608665
1657584000000,47010615497.16083
1657670400000,46735438947.48022
1657756800000,57372856754.628365
1657843200000,55627617722.75524
1657929600000,48311326146.02206
1658016000000,39784557348.268524
1658102400000,97209236866.97978
1658188800000,74599472762.12216
1658275200000,76153937997.56937
1658361600000,70821025764.34108
1658448000000,59647310765.2657
1658534400000,56089014934.2524
1658620800000,48176456986.33117
1658707200000,49823293434.56326
1658793600000,57326014506.90179
1658880000000,55300482214.819466
1658966400000,67731139772.19216
1659052800000,908986948368.2067
1659139200000,71040850998.63116
1659225600000,54545523440.54871
1659312000000,50160771896.33053
1659398400000,53506289496.41531
1659484800000,58434158987.97218
1659571200000,50576621793.81834
1659657600000,47087513786.0626
1659744000000,51657464597.89725
1659830400000,36100819178.885475
1659916800000,31965805747.839172
1660003200000,51732933511.28372
1660089600000,46268391132.19034
1660176000000,58980574520.07758
1660262400000,62752878357.1193
1660348800000,46371786468.18651
1660435200000,43537342749.04279
1660521600000,44885263235.04348
1660608000000,57625412321.61975
1660694400000,48208349895.61974
1660780800000,54358380616.31724
1660867200000,42090137658.37553
1660953600000,63302882757.68369
1661040000000,46233757335.90432
1661126400000,42255111231.61164
1661212800000,50548635958.83002
1661299200000,56598212569.37236
1661385600000,37039750574.43712
1661472000000,34809123287.71343
1661558400000,44419821917.54289
1661644800000,30622120566.75287
1661731200000,23155042045.79103
1661817600000,35417745060.284706
1661904000000,38865747816.686295
1661990400000,36863645337.5263
1662076800000,34802151033.14091
1662163200000,33809698241.793972
1662249600000,23428663482.634327
1662336000000,23937730079.25085
1662422400000,30224237112.899185
1662508800000,52031455666.864075
1662595200000,42962093145.40324
1662681600000,40601398955.8924
1662768000000,58186783978.807365
1662854400000,44922345455.78997
1662940800000,38020536333.84481
1663027200000,52565815667.173744
1663113600000,58063643357.98546
1663200000000,46713912644.377174
1663286400000,50060584473.28158
1663372800000,39890000684.23793
1663459200000,28768839342.097153
1663545600000,37379866281.023186
1663632000000,49397242980.145035
1663718400000,41212254916.07298
1663804800000,49684226032.52437
1663891200000,45518094563.55377
1663977600000,46315125196.18761
1664064000000,31895001290.073803
1664150400000,28190433126.979965
1664236800000,184413798299.58835
1664323200000,59462886554.4584
1664409600000,53408344753.0263
1664496000000,43981415821.69666
1664582400000,44169815650.11315
1664668800000,21668992633.688766
1664755200000,23799534339.291355
1664841600000,32437902531.47961
1664928000000,35921416944.899734
1665014400000,34389944867.26382
1665100800000,36750092116.7274
1665187200000,31438334493.592606
1665273600000,17963983007.547638
1665360000000,18466922347.504112
1665446400000,30080548476.6878
1665532800000,31641663466.52827
1665619200000,27880038583.928944
1665705600000,47643304506.82852
1665792000000,41444709430.76257
1665878400000,19333334085.86333
1665964800000,21715929164.966774
1666051200000,30096016792.83464
1666137600000,31092126677.319115
1666224000000,31334359788.156036
1666310400000,32639750034.81643
1666396800000,37548310707.929756
1666483200000,19582168293.08256
1666569600000,27459706506.54703
1666656000000,37229553780.411156
1666742400000,52750656997.382195
1666828800000,66871458415.177536
1666915200000,56959640808.52499
1667001600000,51258331483.202354
1667088000000,58797054524.7859
1667174400000,44213807579.337006
1667260800000,56271256469.37851
1667347200000,57085293472.77686
1667433600000,70398948700.71053
1667520000000,61098517917.25042
1667606400000,107040637620.13431
1667692800000,79264413865.44206
1667779200000,73874199409.92229
1667865600000,93016469924.66942
1667952000000,129388386062.14882
1668038400000,108993876463.31145
1668124800000,98327010463.73619
1668211200000,63335359287.79127
1668297600000,33697110284.29813
1668384000000,31356687807.689552
1668470400000,52391831358.02371
1668556800000,38525546061.9857
1668643200000,36791792662.71105
1668729600000,30033424551.30771
1668816000000,27854759035.62173
1668902400000,17132635759.571655
1668988800000,25402529237.82819
1669075200000,45020483379.111
1669161600000,36813082386.050674
1669248000000,38156998382.6669
1669334400000,31046703494.934116
1669420800000,26511192322.847065
1669507200000,25414680533.209244
1669593600000,23338998168.71224
1669680000000,33916231626.976875
1669766400000,32619584473.59502
1669852800000,40073068049.005104
1669939200000,30289334225.19933
1670025600000,27666464715.01044
1670112000000,20407865657.883003
1670198400000,22242975524.12063
1670284800000,29795721412.54028
1670371200000,26621802985.98367
1670457600000,26719301846.90856
1670544000000,27612891122.21617
1670630400000,27603803218.887566
1670716800000,16962637002.471947
1670803200000,17480426954.682953
1670889600000,28341377733.83306
1670976000000,42878758919.11892
1671062400000,34288915681.557587
1671148800000,27062224028.082382
1671235200000,33749705716.237495
1671321600000,22424852850.92593
1671408000000,14641156832.51097
1671494400000,22583858366.235508
1671580800000,28627896473.676464
1671667200000,19605882459.766457
1671753600000,21251719991.77933
1671840000000,21612186149.70171
1671926400000,11471482054.973747
1672012800000,15329932244.94944
1672099200000,15260309705.268675
1672185600000,20212268347.182465
1672272000000,23443876809.13928
1672358400000,20857568338.996128
1672444800000,20613839547.6005
1672531200000,13764722594.02165
1672617600000,11425365866.765827
1672704000000,17265085804.683693
1672790400000,19667731491.260685
1672876800000,26466084967.556084
1672963200000,20090153260.798477
1673049600000,26274408965.5278
1673136000000,13126628968.52074
1673222400000,16557290439.478527
1673308800000,38371608148.876945
1673395200000,30382590558.23174
1673481600000,32900275874.211308
1673568000000,56073842995.37737
1673654400000,47848357206.29852
1673740800000,67079943134.02112
1673827200000,33492739683.695633
1673913600000,44340026378.20709
1674000000000,40916940820.362335
1674086400000,52187459970.83677
1674172800000,33784531494.328762
1674259200000,46265487171.216606
1674345600000,52081373665.21727
1674432000000,42222010836.61702
1674518400000,45160860744.9084
1674604800000,43370440803.62482
1674691200000,51482340092.66992
1674777600000,45669776007.21412
1674864000000,46018664576.11246
1674950400000,28907188582.269924
1675036800000,44842327473.842926
1675123200000,49267517476.44744
1675209600000,41165769630.836136
1675296000000,47555216435.57039
1675382400000,57189832973.14415
1675468800000,50793632471.502014
1675555200000,29838048924.02014
1675641600000,37086074965.91123
1675728000000,40249156561.89053
1675814400000,48461129566.939766
1675900800000,49961937748.3102
1675987200000,64697984566.80292
1676073600000,52760189299.02264
1676160000000,29798554738.12227
1676246400000,32098131137.762363
1676332800000,58531239696.66817
1676419200000,60633824927.9751
1676505600000,56998699690.78335
1676592000000,62944637855.555725
1676678400000,64414293061.83208
1676764800000,33905087115.017
1676851200000,45617031107.12913
1676937600000,52168477098.17428
1677024000000,52637879766.99426
1677110400000,51233553288.689095
1677196800000,49981035028.415016
1677283200000,49594083160.91451
1677369600000,30555751037.081158
1677456000000,30368284334.604824
1677542400000,35987227108.10623
1677628800000,32718069236.408424
1677715200000,39912620572.02337
1677801600000,34398789164.08141
1677888000000,44302959604.19779
1677974400000,19021734087.469986
1678060800000,20651547846.011684
1678147200000,27019419679.632496
1678233600000,37662456574.672844
1678320000000,35716759861.88099
1678406400000,50624387739.9849
1678492800000,66020694287.6996
1678579200000,67994848432.13668
1678665600000,52711790162.64604
1678752000000,87780961462.05852
1678838400000,88711070851.06427
1678924800000,80989287076.21484
1679011200000,55711184030.5586
1679097600000,46955253597.99999
1679184000000,43345175884.0
1679270400000,52736294701.00001
1679356800000,50214824170.0
1679443200000,50999818712.0
1679529600000,51748798673.78007
1679616000000,32259255206.060497
1679702400000,34121646700.66709
1679788800000,24400779907.98165
1679875200000,23064969258.59126
1679961600000,29501041702.53728
1680048000000,27646476417.498695
1680134400000,32482599442.832207
1680220800000,34656392597.79841
1680307200000,29874023429.955433
1680393600000,18039579982.779892
1680480000000,18937046329.747795
1680566400000,33846295418.619293
1680652800000,27307278314.97007
1680739200000,27633691850.591934
1680825600000,22623151065.65078
1680912000000,18548285385.588577
1680998400000,17557605161.695118
1681084800000,19218489631.17867
1681171200000,26264825227.789898
1681257600000,28280855887.545532
1681344000000,30664802859.927193
1681430400000,28798275094.47395
1681516800000,38652292144.266685
1681603200000,21813314655.312077
1681689600000,21180143607.523533
1681776000000,29680367897.540672
1681862400000,29616720696.275673
1681948800000,40775850572.628296
1682035200000,33850631738.252155
1682121600000,32874452175.146168
1682208000000,18029599677.252316
1682294400000,17557029367.04201
1682380800000,23174575651.24444
1682467200000,23815476982.594337
1682553600000,42728517018.06984
1682640000000,34953224145.46865
1682726400000,25277099047.73672
1682812800000,13491816831.169899
1682899200000,18862210774.189518
1682985600000,26517216172.218746
1683072000000,22845821557.870777
1683158400000,27599627945.409744
1683244800000,10260443407.776764
1683331200000,18857165134.186428
1683417600000,23546975147.57008
1683504000000,14673735668.719307
1683590400000,31517422203.536057
1683676800000,16814773339.949299
1683763200000,13254326645.678404
1683849600000,24966468466.75595
1683936000000,22948485384.837734
1684022400000,13610775328.44514
1684108800000,12887195724.106913
1684195200000,20209244399.28626
1684281600000,18183872793.428925
1684368000000,15053422109.675333
1684454400000,13318816749.052858
1684540800000,8386664936.126447
1684627200000,6894277527.257222
1684713600000,11892096121.553825
1684800000000,11515676906.842184
1684886400000,16157719373.315718
1684972800000,21879143806.39798
1685059200000,20626803742.31419
1685145600000,10843817553.492998
1685232000000,12993634045.74157
1685318400000,16818048302.619102
1685404800000,20805714567.75866
1685491200000,18100413202.709904
1685577600000,20382863080.558514
1685664000000,11938083548.876156
1685750400000,14132729009.724371
1685836800000,12505685639.732773
1685923200000,12091623951.906898
1686009600000,20606961636.880287
1686096000000,28583258275.355717
1686182400000,26966533466.848427
1686268800000,16157443170.739286
1686355200000,10133131764.691437
1686441600000,30912006845.126934
1686528000000,15722496984.665714
1686614400000,19555473232.616512
1686700800000,17999665062.59847
1686787200000,14333003063.97966
1686873600000,19100399151.19726
1686960000000,20825513615.74261
1687046400000,12921626224.316065
1687132800000,12287433243.243479
1687219200000,12696832719.279644
1687305600000,20880943880.76952
1687392000000,37604348904.13151
1687478400000,13604556265.466303
1687564800000,27490690982.21527
1687651200000,13928337335.107206
1687737600000,14651066137.016628
1687824000000,22557703195.955856
1687910400000,20500258844.818214
1687996800000,17418987220.982967
1688083200000,16112541256.837347
1688169600000,40611671688.7483
1688256000000,9513166274.446636
1688342400000,9641964189.840517
1688428800000,23818500312.616814
1688515200000,16421946137.034252
1688601600000,15763916837.270567
1688688000000,29431199350.180206
1688774400000,11580264459.262157
1688860800000,12430990317.222069
1688947200000,9027084566.994236
1689033600000,18933578946.95063
1689120000000,16799272349.371576
1689206400000,17906318480.993587
1689292800000,41189381561.33435
1689379200000,38115912805.16676
1689465600000,14687396233.684244
1689552000000,10365851133.897045
1689638400000,9569142031.318148
1689724800000,20811143044.811424
1689811200000,18728809603.79993
1689897600000,22829568120.206112
1689984000000,19003075543.919186
1690070400000,9669080041.186516
1690156800000,13086306837.397448
1690243200000,23022131554.691906
1690329600000,12105247897.253216
1690416000000,10714717923.692095
1690502400000,13900641436.011621
1690588800000,11602381889.644108
1690675200000,7077454568.378146
1690761600000,13108022081.57921
1690848000000,13098215453.817194
1690934400000,25377039033.12224
1691020800000,23643854095.0633
1691107200000,17894208326.919086
1691193600000,11293689345.822758
1691280000000,8632620439.423523
1691366400000,11345706293.528992
1691452800000,22713171469.689056
1691539200000,25194087093.52214
1691625600000,18767301829.031578
1691712000000,10890096033.917694
1691798400000,8184751224.058282
1691884800000,9189020281.947243
1691971200000,9254138040.705431
1692057600000,12792365654.7868
1692144000000,18746693270.259033
1692230400000,23160234770.298016
1692316800000,39019292538.43321
1692403200000,28473299901.716236
