Date,Market Cap
1505520000000,10725062.436515387
1505606400000,15404129.090981247
1505692800000,17349123.907271635
1505779200000,16833419.05826789
1505865600000,16662792.485643603
1505952000000,9581702.729678905
1506038400000,9421298.085257275
1506124800000,8828963.159130229
1506211200000,8545453.920539133
1506297600000,10250635.359918352
1506384000000,8965780.221748918
1506470400000,11505513.150836991
1506556800000,13955236.709152265
1506643200000,13217328.787209408
1506729600000,17191164.68013488
1506816000000,10116815.717399877
1506902400000,10787364.049011648
1506988800000,12443238.401115727
1507075200000,12880576.98534014
1507161600000,13059917.950937042
1507248000000,13564347.38726733
1507334400000,12937532.581472054
1507420800000,12993885.109848468
1507593600000,14007954.967446368
1507680000000,21645282.378830932
1507766400000,23970960.381587386
1507852800000,22988972.432827994
1507939200000,11216452.03777135
1508025600000,10973221.368088957
1508112000000,18386163.398446437
1508198400000,10929078.576844648
1508284800000,10849999.581293626
1508371200000,3981769.7187992255
1508457600000,10014036.879397638
1508544000000,9754528.347499501
1508630400000,4357149.810097096
1508716800000,5907118.82542005
1508889600000,8614152.729896264
1508976000000,4549361.144736407
1509062400000,4626323.18742883
1509148800000,4628094.609923487
1509235200000,4888738.900007344
1509321600000,128621027.051878
1509408000000,127642112.83486268
1509494400000,124362891.80009219
1509580800000,128415994.1310528
1509667200000,145324589.61855084
1509753600000,160991265.41234583
1509840000000,152178506.46334484
1509926400000,158948749.47016165
1510012800000,179475107.11354542
1510099200000,201365016.4572739
1510185600000,201460232.20321235
1510272000000,178919972.00425422
1510358400000,167488453.06212497
1510444800000,150991373.7338803
1510531200000,165744855.11906666
1510617600000,156686364.647931
1510704000000,150742563.641147
1510790400000,157996419.777573
1510876800000,149961271.382931
1510963200000,165591759.101192
1511049600000,158550630.577414
1511136000000,160472834.989452
1511222400000,155622212.354081
1511308800000,159396955.930594
1511395200000,154461164.409639
1511481600000,167434757.921205
1511568000000,183230814.759749
1511654400000,182503043.3614
1511740800000,195050034.564593
1511827200000,196928662.860015
1511913600000,177042598.100423
1512000000000,198350010.167143
1512086400000,207284814.077617
1512172800000,209800144.60457
1512259200000,224059470.79661
1512345600000,254913860.512531
1512432000000,263124719.35299
1512518400000,232422532.202719
1512604800000,297086617.267054
1512691200000,292293248.433827
1512777600000,264491465.058563
1512864000000,254681413.05008
1512950400000,275491318.996752
1513036800000,267426821.367015
1513123200000,279049549.830425
1513209600000,316546825.081114
1513296000000,400085905.973992
1513382400000,463748632.750434
1513468800000,590889258.862828
1513555200000,558733495.454083
1513641600000,588418049.116838
1513728000000,528971427.95703
1513814400000,539885696.300886
1513900800000,448300384.032448
1513987200000,507266057.374528
1514073600000,548348055.456675
1514160000000,668070648.359587
1514246400000,940817663.510205
1514332800000,1037172560.2799
1514419200000,975556559.225629
1514505600000,903464194.87309
1514592000000,827396149.317312
1514678400000,911813027.984858
1514764800000,874105359.852892
1514851200000,900076194.687614
1514937600000,978884395.4781892
1515024000000,958035469.6241399
1515110400000,1632594637.0102818
1515196800000,2412961754.853586
1515283200000,1915189105.7604437
1515369600000,1902371869.5278609
1515456000000,1879169097.2556992
1515542400000,1789590223.1985753
1515628800000,2189206234.4124312
1515715200000,2367912064.874871
1515801600000,2333263356.7785487
1515888000000,2177705027.9546623
1515974400000,2057155522.3669717
1516060800000,1413107013.58754
1516147200000,1444495360.38063
1516233600000,1462762531.475935
1516320000000,1522732952.2323556
1516406400000,1665658318.7076287
1516492800000,1425964553.6755204
1516579200000,1305341980.5893002
1516665600000,1303567211.9884305
1516752000000,1342196586.0524025
1516838400000,1311070407.4275484
1516924800000,1294730529.4828486
1517011200000,1320653674.9115036
1517097600000,1337612314.2297964
1517184000000,1258893895.2781518
1517270717080,1260494550.5401368
1517356800000,1108659359.8091078
1517443200000,1095182397.9724817
1517529600000,923399330.3807563
1517616000000,964458672.3205072
1517702400000,941362189.9188626
1517788800000,843131739.7213892
1517875200000,664732494.835441
1517961600000,829521412.7396224
1518048315199,802950618.2799759
1518134400000,453207207.7685754
1518220800000,965101118.8539238
1518307200000,918402614.6428596
1518393600000,874409264.6580511
1518480000000,918737354.8189096
1518566400000,883490763.9808149
1518652800000,1029525693.5316389
1518739200000,1076489477.8748689
1518825600000,1080320895.2741618
1518912000000,1157270605.9068499
1518998400000,1069091210.3704896
1519084800000,1089902373.6894462
1519171200000,1028970641.2958479
1519257600000,886046400.7141033
1519344000000,890234138.7529975
1519430400000,966872786.922621
1519516800000,906379589.0863997
1519603200000,933460491.0498061
1519689600000,973098922.9333797
1519776000000,1059577325.4479493
1519862400000,1034409666.1921847
1519948800000,1031295680.5688702
1520035200000,1016049841.7788566
1520121600000,1003123077.4290371
1520208000000,1000958710.5039328
1520294400000,996857974.8856118
1520380800000,929577226.2528806
1520467200000,894207685.5925784
1520553600000,825736586.966683
1520640000000,798194328.017328
1520726400000,768018665.4486756
1520812800000,820718231.8343612
1520899200000,802214718.5021524
1520985600000,1025852449.523407
1521072000000,888364962.7293211
1521158400000,903469795.6671935
1521244800000,922893022.9011652
1521331200000,909986584.7579333
1521417600000,887344850.3395499
1521504000000,876632715.1130468
1521590400000,907167557.8092036
1521676800000,993225814.4628019
1521763200000,999073037.6395766
1521849600000,1159180604.7466946
1521936000000,1310540636.2072344
1522022400000,1262196848.859168
1522108800000,1197972550.6414502
1522195200000,1136956482.4106178
1522281600000,1150079372.4057934
1522368000000,1010960891.0311522
1522454400000,1035804124.800467
1522540800000,1100591194.0995147
1522627200000,1294791444.4088721
1522713600000,1474305624.9064999
1522800000000,1536627713.330391
1522886400000,1425673910.1471741
1522972800000,1457643944.517778
1523059200000,1430523652.1683824
1523145600000,1441688284.8770936
1523232000000,1402171614.1533742
1523318400000,1382104338.0300696
1523404800000,1397797738.273252
1523491200000,1411325536.0074863
1523577600000,1488140594.060288
1523664000000,1559918298.3622198
1523750400000,1521467021.1525834
1523836800000,1477881975.9162362
1523923200000,1389548771.7763839
1524009600000,1339024391.700793
1524096000000,1393358194.4032097
1524182400000,1410887345.7572906
1524268800000,1402948010.2019415
1524355200000,1515589268.1082652
1524441600000,1465746135.4745786
1524528000000,1546459517.5721395
1524614400000,1738153418.699689
1524700800000,1521649762.9524255
1524787200000,1662410114.0401974
1524873600000,1620761417.8632853
1524960000000,1715394188.7610571
1525046400000,1704642241.494217
1525132800000,1624677819.844948
1525219200000,1603519159.8080504
1525305600000,1625018121.558957
1525392000000,1761725786.5811276
1525478400000,1623623966.4815435
1525564800000,1629876448.6428447
1525651200000,1585226374.2164342
1525737600000,1560686826.1955512
1525824000000,1527736118.9477546
1525910400000,1659352701.4754343
1525996800000,1563309899.2512448
1526083200000,1474947720.9016292
1526169600000,1478678736.2046115
1526256000000,1496009100.2699542
1526342400000,1471687854.0288124
1526428800000,1432425675.2273564
1526515200000,1396933971.3398504
1526601600000,1422732556.5098777
1526688000000,1724090037.443812
1526774400000,1615137258.4926414
1526860800000,1597199734.6317813
1526947200000,1679793586.161825
1527033600000,1580629434.3345158
1527120000000,1440307587.759335
1527206400000,1483467051.4359033
1527292800000,1469613771.0288522
1527379200000,1452393712.250376
1527465600000,1433110677.829658
1527552000000,1346611593.2565355
1527638400000,1433220721.9780145
1527724800000,1430349202.2660728
1527811200000,1615512908.6133814
1527897600000,1622764040.8918421
1527984000000,1657890126.2966597
1528070400000,1661218802.5657556
1528156800000,1621015534.6892936
1528243200000,1769511870.7645185
1528329600000,1956880198.5573869
1528416000000,1847775784.9861958
1528502400000,1841322605.3290691
1528588800000,1795844126.812452
1528675200000,1608695115.431129
1528761600000,1758199728.2411382
1528848000000,1742850550.3790982
1528934400000,1670655403.3579748
1529020800000,1699835500.6473053
1529107200000,1715831034.7066166
1529193600000,1794376051.703695
1529280000000,1877345029.495765
1529366400000,1922228028.133938
1529452800000,1898315438.6673005
1529539200000,1826063065.8310437
1529625600000,1936593427.4737794
1529712000000,1785050164.0075653
1529798400000,1785107296.8051488
1529884800000,1650237902.675703
1529971200000,1701590502.4047766
1530057600000,1612147068.0529413
1530144000000,1599864544.5525942
1530230400000,1583668999.5260031
1530316800000,1637710573.0015488
1530403200000,1648892031.5415514
1530489600000,1608996498.823897
1530576000000,1658531371.9299018
1530662400000,1605124428.49228
1530748800000,1587816496.796968
1530835200000,1522157052.369004
1530921600000,1504722148.5378237
1531008000000,1589516130.729631
1531094400000,1561009240.9659286
1531180800000,1493336918.5057435
1531267200000,1450620606.6352377
1531353600000,1433362149.3915029
1531440000000,1363752945.3698483
1531526400000,1365805396.4596286
1531612800000,1374754160.7333224
1531699200000,1390181389.3300672
1531785600000,1503876274.9566982
1531872000000,1561509348.041581
1531958400000,1252473840.6777298
1532044800000,1231430187.3362463
1532131200000,1153214789.3392544
1532217600000,1157397766.644023
1532304000000,1145379629.7368453
1532390400000,1149545845.676345
1532476800000,1175983828.4596317
1532563200000,1252610236.380608
1532649600000,1300183482.5427759
1532736000000,1333273550.9535015
1532822400000,1405648474.0762308
1532908800000,1368299938.626759
1532995200000,1295448185.6684406
1533081600000,1347243331.1910322
1533168000000,1331900269.2600942
1533254400000,1389400539.0343423
1533340800000,1381330641.4354756
1533427200000,1356891850.637866
1533513600000,1337921085.755962
1533600000000,1341686869.2107894
1533686400000,1283100271.164136
1533772800000,1187632193.434036
1533859200000,1254769536.2944932
1533945600000,1187631953.4756327
1534032000000,1139057974.7301908
1534118400000,1146580999.5384166
1534204800000,997924239.2948986
1534291200000,926411943.9548185
1534377600000,921186428.8367226
1534464000000,953850715.212723
1534550400000,1053876485.8238465
1534636800000,966874895.0092155
1534723200000,992587084.7509444
1534809600000,943693188.2055234
1534896000000,953355873.4485636
1534982400000,925703864.3921478
1535068800000,949767300.8707712
1535155200000,999310962.5629733
1535241600000,991833847.4279206
1535328000000,1002050441.7720734
1535414400000,1098483033.6596274
1535500800000,1125039165.843925
1535587200000,1094104885.3614154
1535673600000,1054126747.2592542
1535760000000,1078009887.4470913
1535846400000,1119133728.7589676
1535932800000,1103821007.667432
1536019200000,1104480872.4186785
1536105600000,1113127809.777241
1536192000000,989951404.5685347
1536278400000,1006803552.134676
1536364800000,977698540.9033676
1536451200000,928309173.0905268
1536537600000,931723647.3854008
1536624000000,930452971.8574051
1536710400000,916422641.7075167
1536796800000,879018553.6451101
1536883200000,918746987.4244486
1536969600000,948229137.4680252
1537056000000,965043148.9390482
1537142400000,949061082.3781854
1537228800000,894716967.8963991
1537315200000,912577463.4329294
1537401600000,917696686.2427154
1537488000000,960259133.2250421
1537574400000,997832194.2530056
1537660800000,985393112.9188972
1537747200000,1488079900.899756
1537833600000,1450237751.6537666
1537920000000,1411896130.944883
1538006400000,1407777728.6870413
1538092800000,1452352372.6016557
1538179200000,1440706057.7683766
1538265600000,1440392829.020447
1538352000000,1446314353.4252834
1538438400000,1439680403.2376113
1538524800000,1493274838.0802064
1538611200000,1483326566.4389458
1538697600000,1488751252.2480085
1538784000000,1538461617.48646
1538870400000,1506162297.8008811
1538956800000,1523859036.0110536
1539043200000,1525303120.0920768
1539129600000,1505859403.4593775
1539216000000,1493947357.8534448
1539302400000,1341784372.8420258
1539388800000,1379371138.4628596
1539475200000,1388285752.4035625
1539561600000,1384751890.523141
1539648000000,1513996077.1498418
1539734400000,1464680645.4870884
1539820800000,1461507184.4319584
1539907200000,1422818505.6963532
1539993600000,1423197773.01452
1540080000000,1426891232.791207
1540166400000,1428730146.9480157
1540252800000,1418914420.2464166
1540339200000,1423175948.5071583
1540425600000,1410437571.060247
1540512000000,1406718416.078793
1540598400000,1409211367.354948
1540684800000,1399453693.5336397
1540771200000,1398368251.024187
1540857600000,1356722024.7165382
1540944000000,1362381725.6963894
1541030400000,1369356960.890323
1541116800000,1385407963.2317097
1541203200000,1393273729.126173
1541289600000,1383900919.2174048
1541376000000,1365083899.5690448
1541462400000,1401181759.1821861
1541548800000,1415863696.1765256
1541635200000,1423432059.653836
1541721600000,1399286952.437985
1541808000000,1385583161.041326
1541894400000,1379806384.4448202
1541980800000,1367649613.1151705
1542067200000,1358172520.6334038
1542153600000,1346186902.3252332
1542240000000,1227621934.1490834
1542326400000,1191248357.2253127
1542412800000,1144262270.9344618
1542499200000,1127318810.5123966
1542585600000,1155425816.9829404
1542672000000,968279561.6921016
1542758400000,832541432.755894
1542844800000,899552607.7997693
1542931200000,832630400.7391713
1543017600000,812176757.4390069
1543104000000,745484408.3076448
1543190400000,752717119.6347101
1543276800000,719974004.6109353
1543363200000,715334615.1466825
1543449600000,768130862.9559458
1543536000000,771935628.5125525
1543622400000,733037374.9700916
1543708800000,760990933.845924
1543795200000,754704945.5522399
1543881600000,731967065.7259266
1543968000000,846722370.1623285
1544054400000,874775886.0261323
1544140800000,703029474.0324618
1544227200000,652042804.900303
1544313600000,677799025.5224495
1544400000000,692861265.6121893
1544486400000,663389003.558907
1544572800000,694066438.7233632
1544659200000,716850026.7178999
1544745600000,662538458.3176559
1544832000000,645951230.7893397
1544918400000,654002924.7738727
1545004800000,670459060.9824202
1545091200000,728992546.4378468
1545177600000,796697911.8939688
1545264000000,783144467.861639
1545350400000,817962331.2800756
1545436800000,793831097.4737211
1545523200000,839989864.5957891
1545609600000,860827477.9287142
1545696000000,882913638.7853035
1545782400000,782485496.2190835
1545868800000,807817913.0395991
1545955200000,746889126.4897057
1546041600000,848545994.7505513
1546128000000,836706088.0822629
1546214400000,850105601.4329103
1546300800000,879152887.8663572
1546387200000,863221330.110088
1546473600000,874914238.8823946
1546560000000,837887454.8053683
1546646400000,862767566.4442351
1546732800000,854343865.4897851
1546819200000,905101272.6499437
1546905600000,896079437.6269069
1546992000000,949451442.212723
1547078400000,932116117.8303659
1547164800000,843867607.4418668
1547251200000,858086715.1090991
1547337600000,848352643.0250479
1547424000000,791125231.1182575
1547510400000,865870579.6038663
1547596800000,836972571.0558848
1547683200000,875623955.7308335
1547769600000,908980505.4565315
1547856000000,932231950.6772872
1547942400000,943088563.6579489
1548028800000,924843287.1309273
1548115200000,937294752.6514071
1548201600000,930093998.4099445
1548288000000,926816549.631004
1548374400000,929515668.5754209
1548460800000,964393101.0744951
1548547200000,1002204225.2074251
1548633600000,1018634228.0052148
1548720000000,891822520.3310019
1548806400000,904087868.8040835
1548892800000,886231112.9762447
1548979200000,899814627.6501919
1549065600000,943085781.0584371
1549152000000,994615955.6096878
1549238400000,981881034.1574684
1549324800000,1019274201.1476768
1549411200000,1117271761.289444
1549497600000,1154130751.238883
1549584000000,1119073265.7409804
1549670400000,1238651393.8028119
1549756800000,1275790488.8612866
1549843200000,1292369337.5155647
1549929600000,1357706132.2269003
1550016000000,1350152715.9607162
1550102400000,1277643654.6726382
1550188800000,1251539499.556175
1550275200000,1337661455.9809282
1550361600000,1313189982.36053
1550448000000,1328906712.4205341
1550534400000,1380396380.2046032
1550620800000,1514339453.2709005
1550707200000,1601780326.1776874
1550793600000,1504486906.965667
1550880000000,1555709306.2412965
1550966400000,1538120596.8900266
1551052800000,1464562398.035241
1551139200000,1399491973.856428
1551225600000,1360844868.4427445
1551312000000,1420171312.719949
1551398400000,1488164310.6686885
1551484800000,1623998558.2720912
1551571200000,1686382111.767269
1551657600000,1632056854.7718768
1551744000000,1649930184.4379025
1551830400000,1966673746.1869562
1551916800000,2081209809.0188968
1552003200000,2153066820.506911
1552089600000,2039124309.4495633
1552176000000,2092314032.8495858
1552262400000,2078720950.3947418
1552348800000,2065952584.6704817
1552435200000,2213310829.99634
1552521600000,2162875299.7693634
1552608000000,2148221153.1995487
1552694400000,2149727573.429469
1552780800000,2310174527.6216125
1552867200000,2253087911.698374
1552953600000,2241879577.7316437
1553040000000,2227786284.8483086
1553126400000,2189168003.9425116
1553212800000,2078022182.1033401
1553299200000,2192221402.998418
1553385600000,2185889843.1694818
1553472000000,2477219277.4346976
1553558400000,2424104547.9876556
1553644800000,2345207328.31615
1553731200000,2395580402.559602
1553817600000,2395537703.072968
1553904000000,2375698247.996095
1553990400000,2428819888.2031417
1554076800000,2518457976.521229
1554163200000,2573847249.067477
1554249600000,2850629840.5820174
1554336000000,2688621470.736687
1554422400000,2771011958.657585
1554508800000,2792616067.366048
1554595200000,2765669698.055554
1554681600000,2753819522.289884
1554768000000,2607455767.786759
1554854400000,2650892693.214673
1554940800000,2639684281.2473235
1555027200000,2556784854.4432716
1555113600000,2634084588.4119
1555200000000,2676266097.632365
1555286400000,2788134174.627825
1555372800000,2801185465.9445357
1555459200000,2848015640.2492385
1555545600000,2827594277.5213084
1555632000000,3177194444.325933
1555718400000,3519431434.184245
1555804800000,3602563706.1330266
1555891200000,3495540287.1864386
1555977600000,3455401525.684768
1556064000000,3291551603.8301277
1556150400000,3323966724.9623795
1556236800000,3206899265.1587505
1556323200000,3300143640.578001
1556409600000,3218331551.562439
1556496000000,3297388872.0792894
1556582400000,3117991943.0339575
1556668800000,3142590563.2334623
1556755200000,3144060673.439652
1556841600000,3381322841.57467
1556928000000,3417551252.416966
1557014400000,3284597877.1138816
1557100800000,3303686369.1607456
1557187200000,3193049752.020254
1557273600000,3105083982.592821
1557360000000,2973223295.6839013
1557446400000,2707546841.2045393
1557532800000,2824317176.629537
1557619200000,3092697671.987491
1557705600000,2995728887.3406596
1557792000000,3388558414.700642
1557878400000,3401435137.1144342
1557964800000,3885141797.620001
1558051200000,3829113201.8656526
1558137600000,3699068209.2622914
1558224000000,4182484650.4147897
1558310400000,4217095485.716915
1558396800000,4195258964.668747
1558483200000,4682632626.157995
1558569600000,4532588998.720383
1558656000000,4573106102.0519495
1558742400000,4912471072.256557
1558828800000,5058092552.755022
1558915200000,4837563400.811184
1559001600000,4942744068.111627
1559088000000,4783537313.794596
1559174400000,4847361038.579062
1559260800000,4597989593.587913
1559347200000,4754217793.272386
1559433600000,4754649186.138335
1559520000000,4799627084.503358
1559606400000,4461319664.126776
1559692800000,4203191258.1981406
1559779200000,4482433777.351763
1559865600000,4523473382.169434
1559952000000,4569677452.955838
1560038400000,4603480351.498136
1560124800000,4369928612.123712
1560211200000,4631047360.2050905
1560297600000,4618565686.505584
1560384000000,5023100993.491128
1560470400000,4911356614.844514
1560556800000,4571563043.66355
1560643200000,4595064196.296147
1560729600000,4534968212.238294
1560816000000,4748959734.978701
1560902400000,4833090693.744878
1560988800000,4950135106.4707575
1561075200000,5157341617.501331
1561161600000,5444559979.27476
1561248000000,5317366191.447736
1561334400000,5230849015.723017
1561420800000,5264089616.957419
1561507200000,5066153058.296499
1561593600000,5010433484.490698
1561680000000,4751801260.626573
1561766400000,4834384845.61612
1561852800000,5001220258.080438
1561939200000,4511665471.407503
1562025600000,4663169792.682729
1562112000000,4467346461.655678
1562198400000,4572105241.518767
1562284800000,4659887619.83046
1562371200000,4588827809.904668
1562457600000,4597167665.7238655
1562544000000,4638830309.290225
1562630400000,4684838627.8422365
1562716800000,4566488798.446848
1562803200000,4407009412.272718
1562889600000,4119531544.688404
1562976000000,4469994675.162688
1563062400000,4394416140.5938425
1563148800000,3972548359.232892
1563235200000,3957842252.0288725
1563321600000,3517761488.652381
1563408000000,3847535318.9135447
1563494400000,4551855723.151257
1563580800000,4524310519.328916
1563667200000,4805485666.454699
1563753600000,4727428070.889302
1563840000000,4273525246.133306
1563926400000,4599853134.793694
1564012800000,4516686409.372764
1564099200000,4506614256.120463
1564185600000,4494887897.456013
1564272000000,4297571121.600773
1564358400000,4314964481.657867
1564444800000,4194357406.8811984
1564531200000,4156576659.296991
1564617600000,4308951831.036379
1564704000000,4466200112.41411
1564790400000,4335075972.081438
1564876800000,4311679119.679633
1564963200000,4258791236.1267905
1565049600000,4333157157.101154
1565136000000,4285441779.291725
1565222400000,4599574626.82241
1565308800000,4905725072.678541
1565395200000,4622750237.115406
1565481600000,4605969733.6795
1565568000000,4697767187.332835
1565654400000,4689030304.883849
1565740800000,4576574416.5358715
1565827200000,4165543779.247523
1565913600000,4367803038.164496
1566000000000,4273471980.7884083
1566086400000,4270650928.5018544
1566172800000,4336728965.90683
1566259200000,4490115414.53964
1566345600000,4357721881.912985
1566432000000,4185784962.575586
1566518400000,4205397694.673785
1566604800000,4201016649.357733
1566691200000,4089185126.4540033
1566777600000,4050116267.528555
1566864000000,4052311061.9404016
1566950400000,3981389946.0923615
1567036800000,3649903448.787191
1567123200000,3391602183.9455614
1567209600000,3451891491.93365
1567296000000,3301687996.6593275
1567382400000,3333917857.6858582
1567468800000,3524515002.3552375
1567555200000,3483555883.1277523
1567641600000,3363823340.350007
1567728000000,3535644062.8874755
1567814400000,3451665409.028583
1567900800000,3484794625.062804
1567987200000,3483513402.0032372
1568073600000,3444196652.5036926
1568160000000,3389666393.2275963
1568246400000,3226703937.584284
1568332800000,3235151260.5724163
1568419200000,3234398477.2197804
1568505600000,3266441900.5962195
1568592000000,3168780324.5453725
1568678400000,3142929831.9558992
1568764800000,3288411889.4203124
1568851200000,3432363359.234497
1568937600000,3346456476.3068604
1569024000000,3308583744.0289464
1569110400000,3260201288.465808
1569196800000,3172781422.767618
1569283200000,2998456699.909102
1569369600000,2602805742.8834863
1569456000000,2500762233.0231104
1569542400000,2380512069.0095563
1569628800000,2435098281.935841
1569715200000,2451651150.5062094
1569801600000,2375227666.699408
1569888000000,2453809747.3141556
1569974400000,2465857249.2980423
1570060800000,2467604793.50347
1570147200000,2436210728.1785197
1570233600000,2433033443.621685
1570320000000,2437851688.4544535
1570406400000,2343934845.7954974
1570492800000,2498664282.069769
1570579200000,2488914255.4883256
1570665600000,2764149180.143941
1570752000000,2732071806.841688
1570838400000,2576943773.434511
1570924800000,2680999297.688263
1571011200000,2840945535.4956903
1571097600000,2867379837.7550764
1571184000000,2862318783.1612053
1571270400000,2764149805.042665
1571356800000,2876357780.979372
1571443200000,2832784900.526111
1571529600000,2819337301.6312757
1571616000000,2860937975.9964514
1571702400000,2839090495.702674
1571788800000,2829837000.2604666
1571875200000,2586896306.0683155
1571961600000,2636185044.0373855
1572048000000,2882102568.067341
1572134400000,2927524096.6102424
1572220800000,2996507151.2950315
1572307200000,3085921195.0666037
1572393600000,3214526917.5965524
1572480000000,3114274313.691046
1572566400000,3060506252.7533703
1572652800000,3065691360.0758176
1572739200000,3101344759.0872283
1572825600000,3091534820.9206166
1572912000000,3168289034.1488633
1572998400000,3167283072.37667
1573084800000,3170445921.317722
1573171200000,3130183685.4413996
1573257600000,3016010887.576567
1573344000000,3027753879.6896987
1573430400000,3140930310.0682836
1573516800000,3087724598.3153625
1573603200000,3200712593.98071
1573689600000,3274179213.1608353
1573776000000,3264934236.6693945
1573862400000,3115427069.2352676
1573948800000,3093903226.1259723
1574035200000,3069364634.7970867
1574121600000,2929875034.4438725
1574208000000,2829908505.2097917
1574294400000,2776849838.0704436
1574380800000,2575265675.0124497
1574467200000,2375099394.623605
1574553600000,2498755252.0220437
1574640000000,2339130867.9212255
1574726400000,2335397726.625603
1574812800000,2353850328.782428
1574899200000,2447219831.0203133
1574985600000,2387281534.226739
1575072000000,2479816860.960093
1575158400000,2410939854.0686274
1575244800000,2370714811.0929317
1575331200000,2326424403.815256
1575417600000,2341111791.3174357
1575504000000,2324400981.0368266
1575590400000,2401017472.81102
1575676800000,2399019210.9832215
1575763200000,2390208907.6339016
1575849600000,2392977301.7334847
1575936000000,2350723770.1645617
1576022400000,2271141392.9431624
1576108800000,2261960517.022516
1576195200000,2262402193.447172
1576281600000,2272951579.5537577
1576368000000,2205218684.5003157
1576454400000,2205239116.243429
1576540800000,2066058407.3425472
1576627200000,1900250905.3581653
1576713600000,2070675410.0401158
1576800000000,2041771179.9406009
1576886400000,2071647692.2038841
1576972800000,2039535646.509155
1577059200000,2110853076.6536293
1577145600000,2045544930.4255922
1577232000000,2046244983.125574
1577318400000,2006685206.2182066
1577404800000,2017880019.4300404
1577491200000,2035057674.2384577
1577577600000,2101494900.46546
1577664000000,2161147034.904468
1577750400000,2126194408.1383953
1577836800000,2103940814.8705513
1577923200000,2099316231.125117
1578009600000,1995647509.1802216
1578096000000,2088116795.7714274
1578182400000,2116144291.915908
1578268800000,2147450559.740196
1578355200000,2290887105.200194
1578441600000,2303435257.4222775
1578528000000,2231554930.3303814
1578614400000,2202749503.6861596
1578700800000,2298403615.7259774
1578787200000,2290593279.156139
1578873600000,2347844996.5334334
1578960000000,2328371221.1582727
1579046400000,2546512800.3187695
1579132800000,2695653560.446619
1579219200000,2603726452.038203
1579305600000,2784697147.5543413
1579392000000,2733334308.82279
1579478400000,2662443492.9893026
1579564800000,2658043749.5532937
1579651200000,2775403908.1440234
1579737600000,2727795013.688821
1579824000000,2605306661.6892314
1579910400000,2614002412.698689
1579996800000,2604451767.4990172
1580083200000,2674086712.651739
1580169600000,2698791730.431113
1580256000000,2745879946.2703395
1580342400000,2747236096.2496214
1580428800000,2847071752.4987006
1580515200000,2788030152.176015
1580601600000,2785023700.2725196
1580688000000,2828376341.9687476
1580774400000,2834950672.338868
1580860800000,2787798000.3473516
1580947200000,2945748769.8295617
1581033600000,3157866992.351171
1581120000000,3395280397.1581664
1581206400000,3345049428.7296357
1581292800000,3671656947.759465
1581379200000,3882697589.255931
1581465600000,3940209442.1202903
1581552000000,4030446327.5002565
1581638400000,3894836056.451729
1581724800000,4014430330.4323864
1581811200000,3694035234.841765
1581897600000,3616306586.4908743
1581984000000,3598860680.007088
1582070400000,3691896845.9100976
1582156800000,3449518851.48574
1582243200000,3400751851.238378
1582329600000,3395848277.908833
1582416000000,3364840516.8519645
1582502400000,3510096072.4666047
1582588800000,3364128427.944973
1582675200000,3134455973.6722302
1582761600000,2858511810.4523153
1582848000000,2921518777.105417
1582934400000,2926158625.653091
1583020800000,2982985653.833748
1583107200000,2908085916.4507985
1583193600000,3047290851.6456995
1583280000000,2967313549.754455
1583366400000,3023669002.147633
1583452800000,3148122007.3728514
1583539200000,3225098953.680081
1583625600000,3021511858.4877877
1583712000000,2576606762.579333
1583798400000,2497008181.427224
1583884800000,2565981290.9065304
1583971200000,2493501408.1594257
1584057600000,1437874399.8177972
1584144000000,1615054798.958406
1584230400000,1527890811.8259366
1584316800000,1590139361.762785
1584403200000,1431388393.079302
1584489600000,1573699552.2746863
1584576000000,1563418016.331947
1584662400000,1858603761.587601
1584748800000,1792058784.8584447
1584835200000,1818360426.9880836
1584921600000,1688695769.9758637
1585008000000,1829868580.8328981
1585094400000,1885028599.3923173
1585180800000,1863775406.9928648
1585267200000,1991459536.455704
1585353600000,1843089830.9325595
1585440000000,1843685185.2425025
1585526400000,1716989350.6215217
1585612800000,1843126769.70464
1585699200000,1906878809.1019008
1585785600000,1927232838.8563735
1585872000000,1971192627.5220792
1585958400000,2014757335.7077563
1586044800000,2084146996.1098824
1586131200000,2073669546.9899516
1586217600000,2289489107.291751
1586304000000,2207454729.0589533
1586390400000,2282382271.7350097
1586476800000,2271676119.4907784
1586563200000,2073910713.8429258
1586649600000,2087481774.1363175
1586736000000,2178116505.78815
1586822400000,2272857627.6622605
1586908800000,2357467179.205417
1586995200000,2207839720.3607697
1587081600000,2369647148.5940456
1587168000000,2370773171.7872663
1587254400000,2448080536.0223794
1587340800000,2377982679.590395
1587427200000,2228118491.7570333
1587513600000,2232531184.047116
1587600000000,2319816863.694298
1587686400000,2353229636.8727207
1587772800000,2352743588.494633
1587859200000,2402829550.629272
1587945600000,2419596600.6712656
1588032000000,2423050238.754496
1588118400000,2419444104.3851547
1588204800000,2563905019.005386
1588291200000,2521986646.0992293
1588377600000,2584203457.0105963
1588464000000,2594586018.023593
1588550400000,2526415835.1669164
1588636800000,2503993914.5150027
1588723200000,2490362707.68423
1588809600000,2471282824.909132
1588896000000,2525210913.3767586
1588982400000,2536683339.7633896
1589068800000,2495851840.77263
1589155200000,2258003159.3085427
1589241600000,2231962404.7689114
1589328000000,2327383911.2319427
1589414400000,2390558640.3661294
1589500800000,2418544120.370333
1589587200000,2317509550.3867197
1589673600000,2371381209.7246
1589760000000,2407687200.4762278
1589846400000,2456333484.604976
1589932800000,2542931077.0229716
1590019200000,2496496117.670325
1590105600000,2378561522.0209627
1590192000000,2433514189.1309667
1590278400000,2432310884.606986
1590364800000,2364976579.025716
1590451200000,2416857097.4160295
1590537600000,2395241252.1863637
1590624000000,2430831282.617362
1590710400000,2519147859.662903
1590796800000,2514242773.5231204
1590883200000,2623199554.996485
1590969600000,2508703324.268179
1591056000000,2655040579.638382
1591142400000,2555160161.912837
1591228800000,2592716465.79479
1591315200000,2622151848.8793354
1591401600000,2609083547.6139207
1591488000000,2594510241.243783
1591574400000,2569939047.803725
1591660800000,2577895737.5594263
1591747200000,2566693310.4844394
1591833600000,2567525315.8305535
1591920000000,2405200798.5210166
1592006400000,2458716489.464939
1592092800000,2482197891.362207
1592179200000,2450773581.1365023
1592265600000,2422013097.527766
1592352000000,2426825300.850088
1592438400000,2424884750.756174
1592524800000,2394325177.8205113
1592611200000,2361132693.7891955
1592697600000,2373897719.7149124
1592784000000,2358874801.5481806
1592870400000,2437229810.816067
1592956800000,2417477041.4239235
1593043200000,2370741002.541043
1593129600000,2353394947.3436666
1593216000000,2330947468.521242
1593302400000,2244154724.2146554
1593388800000,2273304407.392324
1593475200000,2288640054.1966186
1593561600000,2283276873.7562456
1593648000000,2341084177.1575685
1593734400000,2271469452.384509
1593820800000,2264032087.7304187
1593907200000,2297513032.595132
1593993600000,2289383666.6296763
1594080000000,2412542715.3395653
1594166400000,2480460217.1846757
1594252800000,2541966350.3867364
1594339200000,2485639478.8712196
1594425600000,2547754640.775417
1594512000000,2604910436.970678
1594598400000,2698495512.134894
1594684800000,2715245514.9643817
1594771200000,2675828065.214395
1594857600000,2603200688.7911263
1594944000000,2536635434.4637985
1595030400000,2523851243.1158524
1595116800000,2534108968.2212358
1595203200000,2665508175.6084304
1595289600000,2585027026.4680834
1595376000000,2623383923.4302955
1595462400000,2659506640.3949366
1595548800000,2760438295.9559746
1595635200000,2834374931.4004855
1595721600000,2935074481.7602634
1595808000000,2885760248.0615215
1595894400000,2910698837.6927166
1595980800000,2981283364.288104
1596067200000,2937168739.556445
1596153600000,2965551533.5553617
1596240000000,3060607052.3759594
1596326400000,3199992932.004054
1596412800000,3086470430.666615
1596499200000,3239321258.8805118
1596585600000,3293276431.1433253
1596672000000,3438061584.3995376
1596758400000,3370982469.604111
1596844800000,3278820417.3771663
1596931200000,3378074822.8434706
1597017600000,3315615444.52618
1597104000000,3339788962.5250287
1597190400000,3114747466.7359214
1597276800000,3188863589.722237
1597363200000,3215330089.174842
1597449600000,3404939838.3994946
1597536000000,3387732401.9469113
1597622400000,3473865123.87327
1597708800000,3476788975.014206
1597795200000,3397690721.6801467
1597881600000,3302382351.2778296
1597968000000,3414255884.599508
1598054400000,3260640031.8602395
1598140800000,3277780668.5864797
1598227200000,3233813725.379268
1598313600000,3336417081.5551314
1598400000000,3176756104.727373
1598486400000,3295697167.2175984
1598572800000,3411961399.9894276
1598659200000,3413764685.101583
1598745600000,3408734637.1192765
1598832000000,3486695535.7498837
1598918400000,3429200221.899609
1599004800000,3678647220.13556
1599091200000,3644800878.5971384
1599177600000,3057090063.010929
1599264000000,3101433925.4020534
1599350400000,2870047729.5380454
1599436800000,3441897088.2076416
1599523200000,3289616682.4529815
1599609600000,3391729400.819674
1599696000000,3606231301.6235266
1599782400000,3603704433.991752
1599868800000,3752802265.119167
1599955200000,4189027940.767463
1600041600000,4578726414.545887
1600128000000,4512125844.064322
1600214400000,4009700860.4941754
1600300800000,4122357757.56389
1600387200000,3959528315.0560274
1600473600000,3976466685.154942
1600560000000,4024066272.6573086
1600646400000,3891106120.858083
1600732800000,3493931691.129836
1600819200000,3535552468.393081
1600905600000,3373414662.270313
1600992000000,3626151929.2579103
1601078400000,3635723607.8745704
1601164800000,3874918801.864329
1601251200000,3864067179.6542735
1601337600000,3964694603.56834
1601424000000,4253400066.790345
1601510400000,4325855176.035254
1601596800000,4036519254.14418
1601683200000,4021625433.981785
1601769600000,4184514172.408719
1601856000000,4283270102.311906
1601942400000,4235422294.4251127
1602028800000,4081175972.411447
1602115200000,4093867354.474435
1602201600000,4090366937.1627183
1602288000000,4198511785.695526
1602374400000,4178281516.429207
1602460800000,4216513538.6379657
1602547200000,4529414810.436585
1602633600000,4536387303.784849
1602720000000,4566346921.865745
1602806400000,4615821052.678012
1602892800000,4436816337.992663
1602979200000,4471124012.698126
1603065600000,4528416810.2740555
1603152000000,4422322858.349566
1603238400000,4241175299.4954963
1603324800000,4374680295.690144
1603411200000,4520768370.052209
1603497600000,4521344664.32785
1603584000000,4517960819.150934
1603670400000,4446242745.625003
1603756800000,4603816454.737595
1603843200000,4683647247.1061
1603929600000,4484041908.978538
1604016000000,4420211966.048975
1604102400000,4216701943.861658
1604188800000,4195740161.800611
1604275200000,4189298124.874467
1604361600000,4129579048.05467
1604448000000,3964658696.983034
1604534400000,3967025116.0989704
1604620800000,4094007654.9120317
1604707200000,4277111583.0896845
1604793600000,4095631471.42624
1604880000000,4188047516.4405794
1604966400000,4123746337.8883257
1605052800000,4166476642.6499786
1605139200000,4116039125.5761733
1605225600000,4082305596.914276
1605312000000,4164934047.7832813
1605398400000,4138996735.163435
1605484800000,4078970764.357405
1605571200000,4142983110.0273514
1605657600000,4214237524.1577663
1605744000000,4153238203.9986515
1605830400000,4147358204.585626
1605916800000,4272178890.3894467
1606003200000,4508909727.234483
1606089600000,4442355802.130595
1606176000000,4543628008.752998
1606262400000,4982769840.406043
1606348800000,4638993020.327642
1606435200000,4160410878.601351
1606521600000,4205742907.961242
1606608000000,4300575783.620462
1606694400000,4451872526.18575
1606780800000,4628855599.420553
1606867200000,4456593037.752746
1606953600000,4485798669.948128
1607040000000,4532470312.734571
1607126400000,4313659353.384783
1607212800000,4395591397.934824
1607299200000,4358178089.7922735
1607385600000,4341263148.865393
1607472000000,4099895788.270019
1607558400000,4167230661.076464
1607644800000,4097433907.2959285
1607731200000,4051182427.359371
1607817600000,4163931310.434167
1607904000000,4284844712.4802995
1607990400000,4423709692.446076
1608076800000,4363659616.569024
1608163200000,4502642498.3104515
1608249600000,4458380241.204621
1608336000000,4575748263.384468
1608422400000,4916865111.165444
1608508800000,5051713693.403217
1608595200000,4777115837.70322
1608681600000,4945772817.2023
1608768000000,4660064269.514709
1608854400000,4814447228.089379
1608940800000,4899865020.948586
1609027200000,4954948231.448557
1609113600000,4973685729.749473
1609200000000,5302039004.723987
1609286400000,5722427540.454511
1609372800000,5644561342.625012
1609459200000,5507755823.482548
1609545600000,5584591445.479913
1609632000000,5664992538.860413
1609718400000,6162622121.465481
1609804800000,5860212415.082251
1609891200000,6146043355.419785
1609977600000,6213203841.025946
1610064000000,6360257240.65883
1610150400000,6257342788.151831
1610236800000,6535325408.396228
1610323200000,6321067625.073282
1610409600000,5708211117.642347
1610496000000,5655761600.931015
1610582400000,5950937294.099859
1610668800000,6162213630.697031
1610755200000,6085115283.863143
1610841600000,6408266290.294945
1610928000000,6811733847.335682
1611014400000,6697976479.659836
1611100800000,6375499623.76684
1611187200000,6266849381.663175
1611273600000,5774109832.68915
1611360000000,5972297132.161497
1611446400000,6025125570.096895
1611532800000,6175849056.405198
1611619200000,6118277883.105456
1611705600000,6125248409.288884
1611792000000,6046117020.91682
1611878400000,6283476043.155616
1611964800000,6337205523.632562
1612051200000,6604362183.837016
1612137600000,6522941333.935256
1612224000000,7583767269.190991
1612310400000,7569477058.56905
1612396800000,7735129472.072181
1612483200000,8333210382.439513
1612569600000,10106500512.436033
1612656000000,10648242256.756302
1612742400000,10133846849.962713
1612828800000,11666342815.764996
1612915200000,16042189486.944416
1613001600000,19029543691.117306
1613088000000,18248020592.96308
1613174400000,20066593314.135468
1613260800000,19799743676.327938
1613347200000,20235468424.048496
1613433600000,19096962299.56091
1613520000000,19173445845.066593
1613606400000,24144663679.111786
1613692800000,28719828748.346386
1613779200000,52232341792.26047
1613865600000,39186024468.50675
1613952000000,45745975207.855705
1614038400000,41355468790.23462
1614124800000,35160048230.5213
1614211200000,39273073153.542694
1614297600000,36653635808.81574
1614384000000,34347801258.49284
1614470400000,34863282195.0899
1614556800000,32747054923.74233
1614643200000,39775549289.62083
1614729600000,37318077555.560394
1614816000000,37511795342.74582
1614902400000,35579395371.44576
1614988800000,34764818409.196365
1615075200000,35132140627.2429
1615161600000,36937041399.52951
1615248000000,37175687161.84234
1615334400000,45349664034.30795
1615420800000,43134755617.83653
1615507200000,44525761191.37331
1615593600000,40908235661.641716
1615680000000,42898756292.75063
1615766400000,41037415793.37244
1615852800000,39434323550.85248
1615939200000,39929253304.221054
1616025600000,41811497472.197235
1616112000000,40603807044.01744
1616198400000,40708892326.84678
1616284800000,41004900988.47188
1616371200000,40931038994.92851
1616457600000,39834881552.667854
1616544000000,39376090108.768486
1616630400000,38516791584.363754
1616716800000,36192768189.38144
1616803200000,39235816415.848915
1616889600000,41937086118.26921
1616976000000,41484697966.03745
1617062400000,42478850221.41467
1617148800000,47742356655.602066
1617235200000,46841566978.953735
1617321600000,52021709574.684296
1617408000000,52098346307.81932
1617494400000,49920147538.04927
1617580800000,53890347090.85982
1617667200000,56849486727.353165
1617753600000,62712349429.43108
1617840000000,58558889933.084465
1617926400000,64636587595.50615
1618012800000,69006619223.09024
1618099200000,72863380910.31287
1618185600000,80304972015.62056
1618272000000,92356058016.54314
1618358400000,85352626250.56746
1618444800000,83633350017.25006
1618531200000,83889063375.7033
1618617600000,79138319032.72491
1618704000000,80146564558.26534
1618790400000,74374361399.96808
1618876800000,78419210502.81401
1618963200000,89885987227.80591
1619049600000,85489582707.6955
1619136000000,79217558867.58391
1619222400000,81068966581.40443
1619308800000,77665030993.17024
1619395200000,78223823141.42642
1619481600000,82089500489.02422
1619568000000,87911812452.29901
1619654400000,86547288167.53143
1619740800000,92491549499.68553
1619827200000,96328564775.2831
1619913600000,95807714763.2703
1620000000000,96157809794.48637
1620086400000,103965094029.8506
1620172800000,94640468017.1736
1620259200000,100850357948.66006
1620345600000,98151197197.41908
1620432000000,96652603380.9141
1620518400000,99362109225.36565
1620604800000,102284543003.64534
1620691200000,98190931850.41058
1620777600000,103537013034.41353
1620864000000,94580104074.73462
1620950400000,87410286002.94731
1621036800000,93111282325.00421
1621123200000,87136325690.68137
1621209600000,87138236383.10445
1621296000000,79677505768.43378
1621382400000,78540136205.18047
1621468800000,53692155787.031265
1621555200000,60332411437.02028
1621641600000,49571622639.55306
1621728000000,46672829740.58369
1621814400000,40105004419.42738
1621900800000,52912859480.87061
1621987200000,52939482766.35376
1622073600000,58140464824.59376
1622160000000,56812189325.49153
1622246400000,51069299261.86949
1622332800000,47615841361.244446
1622419200000,50312143376.99665
1622505600000,54552491112.92581
1622592000000,55789519975.40357
1622678400000,62216853673.38303
1622764800000,66203469970.6911
1622851200000,60689527765.42707
1622937600000,59846984889.27947
1623024000000,60595496609.36863
1623110400000,55568008128.47511
1623196800000,54677889296.85125
1623283200000,58321133322.78771
1623369600000,54791987617.99424
1623456000000,53238117722.61412
1623542400000,53465798044.075775
1623628800000,56433712415.26453
1623715200000,57233917454.64228
1623801600000,57077376078.24857
1623888000000,53441971881.88039
1623974400000,54283380385.86557
1624060800000,52262937024.64517
1624147200000,51823405992.95456
1624233600000,52532867592.99311
1624320000000,42900169324.99198
1624406400000,40307776792.15118
1624492800000,45761403437.01146
1624579200000,47853190843.28099
1624665600000,44009190871.738106
1624752000000,42798282321.78064
1624838400000,44615925834.05021
1624924800000,44886803415.530174
1625011200000,46872790459.90127
1625097600000,46954864788.72594
1625184000000,44649305234.25196
1625270400000,44372602649.994255
1625356800000,46132901612.52061
1625443200000,47786813767.72331
1625529600000,47061155248.5336
1625616000000,49507487066.40898
1625702400000,50772663395.84581
1625788800000,48131735208.82834
1625875200000,49188528580.239426
1625961600000,49113706032.49423
1626048000000,49795281333.2416
1626134400000,49001034088.52431
1626220800000,47747229553.78467
1626307200000,47745276433.426186
1626393600000,48825663947.81495
1626480000000,46692034724.77278
1626566400000,46537871655.906
1626652800000,46928323583.64445
1626739200000,43760548275.471375
1626825600000,41138851777.04929
1626912000000,45239141513.15342
1626998400000,45356934262.17084
1627084800000,45972042411.20604
1627171200000,46583469226.00497
1627257600000,47183893750.72237
1627344000000,47090950811.835976
1627430400000,48212394058.5421
1627516800000,48440837958.95631
1627603200000,49354872792.007515
1627689600000,49890385871.61259
1627776000000,51852888023.74996
1627862400000,51248696205.63272
1627948800000,51220580709.04743
1628035200000,50072708742.12465
1628121600000,51783149635.80224
1628208000000,52300826066.09576
1628294400000,52876121037.14549
1628380800000,54880391473.926216
1628467200000,52793795858.293
1628553600000,54561563300.34518
1628640000000,57472301267.84832
1628726400000,60548205332.75795
1628812800000,59332763048.56222
1628899200000,63016725340.47912
1628985600000,63344089223.878555
1629072000000,63784043199.77024
1629158400000,65224358497.13265
1629244800000,62280876139.74908
1629331200000,62145691624.651505
1629417600000,65726343115.57676
1629504000000,70037579538.80284
1629590400000,69659003452.0214
1629676800000,69395126714.92691
1629763200000,77267801785.69308
1629849600000,73440151948.04544
1629936000000,77788566247.38934
1630022400000,75086628042.77792
1630108800000,76421141931.36273
1630195200000,75061435375.20934
1630281600000,74282424323.4163
1630368000000,71302040315.8845
1630454400000,72059236389.63062
1630540800000,75616163844.14787
1630627200000,74934946404.6364
1630713600000,75183682793.79868
1630800000000,77210985540.40028
1630886400000,77580110429.22977
1630972800000,76823850589.04639
1631059200000,64719149899.39477
1631145600000,64391771501.81906
1631232000000,65361763607.67077
1631318400000,62065949287.93618
1631404800000,62448302557.367645
1631491200000,64725512440.31579
1631577600000,61836604514.0765
1631664000000,63965140618.53152
1631750400000,66397294535.7022
1631836800000,65615252928.99098
1631923200000,63043960569.65185
1632009600000,63476626164.37432
1632096000000,63338039422.34862
1632182400000,55807688333.67029
1632268800000,53142685672.709526
1632355200000,58386015867.00316
1632441600000,59372501849.194
1632528000000,55591125028.50592
1632614400000,54335702254.9369
1632700800000,54001567375.673996
1632787200000,51867223800.6998
1632873600000,51521247447.87336
1632960000000,56833140653.68402
1633046400000,59862261975.878426
1633132800000,65027593878.11336
1633219200000,66403151475.90375
1633305600000,66727470440.89087
1633392000000,66091266343.135185
1633478400000,68612810246.75586
1633564800000,67279547298.14212
1633651200000,67866518612.22393
1633737600000,64773787608.15221
1633824000000,65232908458.29749
1633910400000,62527397932.99623
1633996800000,63683402507.01241
1634083200000,73896020833.16838
1634169600000,78760669251.04555
1634256000000,79032448286.10008
1634342400000,80060746880.21066
1634428800000,78849039775.0317
1634515200000,79058266963.29211
1634601600000,81885592095.6499
1634688000000,82011979459.14874
1634774400000,84745122606.4623
1634860800000,79624573356.90178
1634947200000,80952725832.11777
1635033600000,81934945154.53473
1635120000000,80199757017.45264
1635206400000,81913681359.43121
1635292800000,80677268288.5376
1635379200000,75903656465.65352
1635465600000,82561621362.28908
1635552000000,88860227505.95818
1635638400000,88364902395.50041
1635724800000,88397508686.16068
1635811200000,92000730617.12926
1635897600000,93300469526.21828
1635984000000,95580886279.62439
1636070400000,93684809790.80734
1636156800000,102239350031.91696
1636243200000,106678784796.95503
1636329600000,109351224513.36607
1636416000000,110441230385.45178
1636502400000,107121024764.02724
1636588800000,102244405701.09842
1636675200000,106206623233.60594
1636761600000,105472491968.83057
1636848000000,109752105406.01126
1636934400000,109344591546.65788
1637020800000,107179034486.68674
1637107200000,99072575969.34612
1637193600000,97395197941.88988
1637280000000,89273538349.98795
1637366400000,97897877035.36423
1637452800000,101748904918.52667
1637539200000,99417134265.90721
1637625600000,94141555128.42072
1637712000000,99757241785.07602
1637798400000,99379066100.37683
1637884800000,107424492828.26445
1637971200000,98163785738.51369
1638057600000,100563350064.07237
1638144000000,102859413042.39499
1638230400000,104784648775.37642
1638316800000,104925562003.6331
1638403200000,105462458343.29141
1638489600000,104330222381.41449
1638576000000,100528004276.42007
1638662400000,95335338060.06216
1638748800000,93250170464.80862
1638835200000,98720942135.86618
1638921600000,97186791666.94543
1639008000000,101696478776.10591
1639094400000,96991666247.38249
1639180800000,93909797723.08975
1639267200000,95058056440.36154
1639353600000,95781352542.45345
1639440000000,88136999321.73947
1639526400000,88467152917.59581
1639612800000,90516070605.93126
1639699200000,88739042728.2347
1639785600000,88621998225.15762
1639872000000,90157712271.86766
1639958400000,89132593996.60892
1640044800000,88675975411.82384
1640131200000,89294190471.49745
1640217600000,90182492751.57364
1640304000000,92280915089.05827
1640390400000,91373285919.82881
1640476800000,92441360231.32367
1640563200000,92035994606.58185
1640649600000,95279493611.64384
1640736000000,90330999470.31949
1640822400000,86121656107.6653
1640908800000,87050521604.65057
1640995200000,86323960659.40782
1641081600000,88661538317.93062
1641168000000,89522189019.5565
1641254400000,86379864692.99603
1641340800000,86116119394.8199
1641427200000,80376575794.46985
1641513600000,80086178245.53891
1641600000000,75431982009.16672
1641686400000,72662332918.36339
1641772800000,73802928625.34749
1641859200000,71469070530.31258
1641945600000,78027582165.11958
1642032000000,81968927554.14449
1642118400000,80256860311.51465
1642204800000,82170008339.50629
1642291200000,83034121647.52852
1642377600000,83904334598.77933
1642464000000,80113395111.70406
1642550400000,79371321638.67601
1642636800000,78467831653.85156
1642723200000,74494921473.01782
1642809600000,64653946477.53362
1642896000000,60116625363.670944
1642982400000,64459934780.33848
1643068800000,62631584015.912094
1643155200000,64635129351.40751
1643241600000,63597418218.23682
1643328000000,65799279877.53618
1643414400000,64930462385.454254
1643500800000,65455197964.94471
1643587200000,63620799335.23713
1643673600000,63111084940.62619
1643760000000,64988396077.18928
1643846400000,61845292783.10847
1643932800000,62279822866.07972
1644019200000,67023578508.59132
1644105600000,69907252285.91177
1644192000000,70526761117.54468
1644278400000,73021174370.41232
1644364800000,68941548308.23026
1644451200000,71003391605.57011
1644537600000,69943257673.95715
1644624000000,67387149413.09772
1644710400000,67644926163.61093
1644796800000,67161724930.411766
1644883200000,67927392995.635315
1644969600000,72921371863.18454
1645056000000,72209779015.14417
1645142400000,67768130125.47836
1645228800000,67290288640.625626
1645315200000,67268132030.639
1645401600000,64427436020.24641
1645488000000,60272497691.14773
1645574400000,62997037014.43592
1645660800000,61823423821.17144
1645747200000,60666123711.91457
1645833600000,63040996747.37649
1645920000000,62626174042.79944
1646006400000,60867607019.914635
1646092800000,66424867796.34133
1646179200000,68682205857.10456
1646265600000,68815406699.78511
1646352000000,67836012886.51726
1646438400000,63038204707.347404
1646524800000,64694552915.98726
1646611200000,63077523633.75106
1646697600000,63911307485.45487
1646784000000,64220105349.65272
1646870400000,66202668578.4044
1646956800000,62505187316.17649
1647043200000,62803713530.74828
1647129600000,62799547814.066925
1647216000000,60866119883.07311
1647302400000,62671877529.375824
1647388800000,62545699437.98864
1647475200000,64769916794.3659
1647561600000,65846032213.57711
1647648000000,66860410901.468994
1647734400000,67167808769.26283
1647820800000,65740764174.25152
1647907200000,66563040409.07858
1647993600000,67944911784.28478
1648080000000,68533085664.445015
1648166400000,69570163337.93143
1648252800000,69101357831.00623
1648339200000,69918476312.58119
1648425600000,72171510772.34586
1648512000000,72525569986.30646
1648598400000,73031351753.69048
1648684800000,74528326961.8592
1648771200000,72076475923.10056
1648857600000,74975843094.60384
1648944000000,73580203376.82477
1649030400000,75453944280.38243
1649116800000,75127757360.83472
1649203200000,75257138923.67526
1649289600000,70913339346.85448
1649376000000,73491424319.16377
1649462400000,70595674729.47571
1649548800000,71781324518.36812
1649635200000,70798823665.38066
1649721600000,66255189769.71295
1649808000000,69708186956.16621
1649894400000,71207307204.25941
1649980800000,69824031691.95126
1650067200000,70113766960.73828
1650153600000,70352696631.83182
1650240000000,68520314957.12335
1650326400000,70069289513.02328
1650412800000,70963228669.50735
1650499200000,70312408958.09077
1650585600000,68052602510.57242
1650672000000,68545771657.55915
1650758400000,67564303331.415276
1650844800000,67305356883.21876
1650931200000,68052709104.909424
1651017600000,64737401506.33148
1651104000000,65776057225.10052
1651190400000,68164491595.67788
1651276800000,66152617932.25558
1651363200000,63862082109.34614
1651449600000,65644187988.487114
1651536000000,65520745450.58815
1651622400000,64548901391.76938
1651708800000,67720818327.89634
1651795200000,63635450816.209496
1651881600000,63931869616.4675
1651968000000,61694401854.02236
1652054400000,59770459493.14467
1652140800000,50859142819.52243
1652227200000,53628718914.42993
1652313600000,44475852347.89696
1652400000000,45445655852.13465
1652486400000,49020764852.40805
1652572800000,49702725963.90215
1652659200000,52549787608.41154
1652745600000,50065379602.77897
1652832000000,51662703575.09275
1652918400000,48512726765.68842
1653004800000,51737725724.41182
1653091200000,50943276041.32551
1653177600000,52595859004.497536
1653264000000,53787029351.10897
1653350400000,53466327176.63561
1653436800000,55142195074.28065
1653523200000,54907712188.861275
1653609600000,51941575183.316055
1653696000000,50654148962.7049
1653782400000,52054875073.40336
1653868800000,51494080030.687096
1653955200000,54167940538.84037
1654041600000,54115193868.88741
1654128000000,50589204415.856735
1654214400000,50390903058.942986
1654300800000,48729625300.96596
1654387200000,49215183113.50602
1654473600000,48872078492.54568
1654560000000,48425486340.92845
1654646400000,47501410274.25411
1654732800000,47241635831.61536
1654819200000,47342510176.88658
1654905600000,46728206970.79886
1654992000000,44053080226.60472
1655078400000,42131635372.76615
1655164800000,36198614007.82916
1655251200000,36442165015.60948
1655337600000,37939256522.404945
1655424000000,34207718311.027905
1655510400000,35292818780.12139
1655596800000,32227038803.825478
1655683200000,34924468457.17006
1655769600000,35485172287.16763
1655856000000,35750851630.41949
1655942400000,35089855487.27363
1656028800000,37404154458.08707
1656115200000,39486522340.2154
1656201600000,39111045133.47705
1656288000000,38265201884.78684
1656374400000,38180897050.7396
1656460800000,37046663286.14978
1656547200000,35835405053.67832
1656633600000,35182367551.57291
1656720000000,35751016075.89268
1656806400000,35629922971.374054
1656892800000,35811629796.39976
1656979200000,37729735516.76644
1657065600000,37695662457.64836
1657152000000,38971926593.86251
1657238400000,39540006903.665955
1657324800000,39635033167.040726
1657411200000,39708056980.572586
1657497600000,38334827207.27024
1657584000000,36894922650.15376
1657670400000,36231969766.81111
1657756800000,37618474754.53798
1657843200000,38927039106.404396
1657929600000,38894135454.837234
1658016000000,40751955645.52246
1658102400000,40589283427.29082
1658188800000,43107669102.2671
1658275200000,43881525020.025566
1658361600000,42332670048.6081
1658448000000,43329646344.73588
1658534400000,42796458925.05032
1658620800000,42364397842.82291
1658707200000,42971350008.49768
1658793600000,40716542937.856606
1658880000000,40597926831.430435
1658966400000,44039739596.28245
1659052800000,45134642246.445854
1659139200000,48492377928.623245
1659225600000,46919624855.67083
1659312000000,46356068027.89319
1659398400000,46301685648.88739
1659484800000,46595190260.02107
1659571200000,48707468946.87364
1659657600000,50645057813.076836
1659744000000,51181171045.14499
1659830400000,51485579404.844475
1659916800000,52739608921.588455
1660003200000,53002218705.15956
1660089600000,53192959784.8313
1660176000000,53491408552.59488
1660262400000,52850221538.56826
1660348800000,53411746990.02553
1660435200000,52876462683.675606
1660521600000,51831138384.372444
1660608000000,52259059529.06016
1660694400000,51644710407.552025
1660780800000,50100609704.51537
1660867200000,48825701689.01324
1660953600000,45642954306.35766
1661040000000,46252370172.3828
1661126400000,49486226301.39337
1661212800000,49150485248.30302
1661299200000,48982780105.76501
1661385600000,48379260404.01617
1661472000000,49272835871.912964
1661558400000,45470473382.98042
1661644800000,45369238899.4809
1661731200000,45374822894.64732
1661817600000,46716386630.32706
1661904000000,46046373619.12218
1661990400000,45512248503.54616
1662076800000,45462861465.44521
1662163200000,45198465388.21421
1662249600000,45346195157.02845
1662336000000,45476672064.83845
1662422400000,45101612117.568054
1662508800000,43155638705.5872
1662595200000,45453989049.39531
1662681600000,45796774077.419556
1662768000000,47844370267.32543
1662854400000,48573687138.850624
1662940800000,48115913412.02448
1663027200000,47815172003.762566
1663113600000,45169037859.447716
1663200000000,45617788343.9902
1663286400000,44237559174.64366
1663372800000,44781850539.36754
1663459200000,45616157323.82547
1663545600000,43523757864.668365
1663632000000,44476332736.723465
1663718400000,43537042604.86041
1663804800000,43192546028.95253
1663891200000,44981567511.32132
1663977600000,45185478738.67717
1664064000000,45005324722.633644
1664150400000,44725198716.43691
1664236800000,44942732069.5216
1664323200000,44501118450.60125
1664409600000,45985363665.71459
1664496000000,46295594360.01962
1664582400000,46399832661.6369
1664668800000,46143731337.19136
1664755200000,46627866231.39143
1664841600000,46843391805.4552
1664928000000,48396050335.201744
1665014400000,48013554581.76717
1665100800000,46461345517.540184
1665187200000,46074108670.24089
1665273600000,45097700498.16838
1665360000000,45353431565.52445
1665446400000,44486786748.7005
1665532800000,44256837124.06181
1665619200000,44244724963.92678
1665705600000,44381601383.247795
1665792000000,43918740943.71357
1665878400000,43876754813.13291
1665964800000,44431434369.45748
1666051200000,45002578230.531715
1666137600000,44649912359.253006
1666224000000,44327023282.1657
1666310400000,43919112784.57006
1666396800000,44082565735.125336
1666483200000,44153416936.60568
1666569600000,45036253669.954735
1666656000000,44622894154.07484
1666742400000,46656222265.68989
1666828800000,47393552587.29484
1666915200000,46874589626.861725
1667001600000,48606139721.35658
1667088000000,49556125469.528145
1667174400000,51110669155.773766
1667260800000,53528392691.56975
1667347200000,53045918785.69489
1667433600000,52253322651.63208
1667520000000,53729673248.89722
1667606400000,57629043552.57033
1667692800000,56955128372.17605
1667779200000,55830055509.25134
1667865600000,54937029725.69119
1667952000000,54109010974.71479
1668038400000,43045983596.496254
1668124800000,49453629190.098854
1668211200000,47348254051.62744
1668297600000,45956774660.47869
1668384000000,45079657180.48735
1668470400000,45595436003.94707
1668556800000,45276634124.73127
1668643200000,44379314946.52611
1668729600000,43762525622.32037
1668816000000,44733949104.93774
1668902400000,44498964733.00458
1668988800000,43149905938.591484
1669075200000,41538741493.90912
1669161600000,43586685572.44545
1669248000000,48702064859.94381
1669334400000,49040106669.95617
1669420800000,49109400047.8331
1669507200000,50825864029.50319
1669593600000,50254569003.805916
1669680000000,47949642740.82927
1669766400000,48390045094.951065
1669852800000,49274297384.454605
1669939200000,47684754833.26964
1670025600000,47789712925.8789
1670112000000,47591443112.12832
1670198400000,47722863606.6815
1670284800000,47134321600.0522
1670371200000,47388136404.34783
1670457600000,46475738118.34146
1670544000000,47360717202.43943
1670630400000,46755914537.07679
1670716800000,46979017087.120926
1670803200000,46459874594.12394
1670889600000,45247815338.55446
1670976000000,44442840988.66696
1671062400000,43816838361.29269
1671148800000,42062237375.5205
1671235200000,37108234937.804794
1671321600000,39515739967.728096
1671408000000,41190139611.416534
1671494400000,39390259950.2684
1671580800000,41087025961.70686
1671667200000,40173092497.50436
1671753600000,40140034038.02163
1671840000000,40196349507.10237
1671926400000,39956711780.80908
1672012800000,39699718822.076584
1672099200000,39767865335.13547
1672185600000,40184438105.082405
1672272000000,39817009960.2575
1672358400000,40230209465.18819
1672444800000,40164375080.41413
1672531200000,40273794261.84196
1672617600000,39852514893.71858
1672704000000,40136162128.662964
1672790400000,40194802590.741646
1672876800000,42262890456.74842
1672963200000,41882966204.599686
1673049600000,42404102106.189705
1673136000000,42647994854.98575
1673222400000,44656906521.32682
1673308800000,44542012427.26017
1673395200000,45318222265.869415
1673481600000,46586461239.246544
1673568000000,46937912182.31921
1673654400000,47947758393.05579
1673740800000,49943815084.215385
1673827200000,49222768561.114334
1673913600000,48792209674.23091
1674000000000,48934162211.70411
1674086400000,38863899341.493355
1674172800000,39775681142.76484
1674259200000,41107817142.74072
1674345600000,40342844634.97218
1674432000000,40887166881.195435
1674518400000,41352793244.72717
1674604800000,40710000029.919876
1674691200000,41483151362.56983
1674777600000,41149656904.52385
1674864000000,41645249790.13214
1674950400000,41254850789.52821
1675036800000,42808011984.80755
1675123200000,41374485112.913246
1675209600000,42108205614.493965
1675296000000,42847286857.96311
1675382400000,43801457182.32052
1675468800000,44840122542.47202
1675555200000,44651269260.7055
1675641600000,44225334686.7341
1675728000000,43820319411.42918
1675814400000,52687066244.94957
1675900800000,51836845863.67167
1675987200000,48291721476.57718
1676073600000,48368078947.74623
1676160000000,49146214017.89854
1676246400000,49507659250.12227
1676332800000,46259599942.4369
1676419200000,46811338177.70054
1676505600000,50074569838.81647
1676592000000,48379049686.04854
1676678400000,49577894902.09543
1676764800000,49856817082.596756
1676851200000,49473349358.159676
1676937600000,49710803984.08142
1677024000000,49103313729.37265
1677110400000,49367058957.58157
1677196800000,48689301152.18177
1677283200000,47654082071.56505
1677369600000,47710101862.93616
1677456000000,48751232145.0268
1677542400000,48144114205.19624
1677628800000,47506411709.74829
1677715200000,47810909892.96906
1677801600000,47378215431.825714
1677888000000,45805267734.66612
1677974400000,45700004126.05603
1678060800000,45495219627.74934
1678147200000,45478695800.90066
1678233600000,45570679868.5244
1678320000000,45478533320.59014
1678406400000,43661786794.52246
1678492800000,43804338397.93352
1678579200000,43464995300.65634
1678665600000,45537337811.068924
1678752000000,48742270523.99352
1678838400000,48897303943.231026
1678924800000,48551821321.071915
1679011200000,52391403811.807335
1679097600000,53560165299.899605
1679184000000,52572257613.56484
1679270400000,53585863733.108086
1679356800000,52937903481.94648
1679443200000,53201553977.428925
1679529600000,51090160090.90309
1679616000000,52201524707.85315
1679702400000,51206299864.86048
1679788800000,51256796649.83064
1679875200000,52057241786.70498
1679961600000,49079615720.34434
1680048000000,49485646211.525635
1680134400000,49577395648.83864
1680220800000,50168780547.08524
1680307200000,50095782784.537506
1680393600000,49738899676.69931
1680480000000,49580832087.444084
1680566400000,48834992855.51275
1680652800000,49087111958.36544
1680739200000,49641625563.79157
1680825600000,49315808886.97745
1680912000000,49053688105.57
1680998400000,49063096682.29419
1681084800000,49448040243.325264
1681171200000,50278276856.34864
1681257600000,50988411866.09584
1681344000000,50587359529.51448
1681430400000,51295369255.15624
1681516800000,51952175557.44118
1681603200000,52662920698.98643
1681689600000,54913630927.486694
1681776000000,53664070532.38938
1681862400000,54204297110.629776
1681948800000,50996266810.04863
1682035200000,50076803639.50295
1682121600000,50793309306.65276
1682208000000,52527550309.24134
1682294400000,52165975187.261345
1682380800000,52279828638.58975
1682467200000,53516035779.15106
1682553600000,52172391454.20013
1682640000000,52415571800.62267
1682726400000,51224904112.21141
1682812800000,50858247900.902855
1682899200000,53251356964.08738
1682985600000,51933432316.78136
1683072000000,50888408585.051125
1683158400000,51423455643.062675
1683244800000,51152998817.71411
1683331200000,51599872888.76784
1683417600000,50941464918.84523
1683504000000,50844724701.01066
1683590400000,49549048278.85516
1683676800000,49306858317.02498
1683763200000,49662394089.82591
1683849600000,48590747015.145386
1683936000000,48690756821.32476
1684022400000,49210307280.171486
1684108800000,49226381036.031876
1684195200000,49558425064.87145
1684281600000,49198400100.68134
1684368000000,49564395153.54566
1684454400000,48900502712.38072
1684540800000,48777238815.930244
1684627200000,49028080180.81345
1684713600000,48421119398.916626
1684800000000,48826800669.845406
1684886400000,49487912474.3718
1684972800000,48339367034.93587
1685059200000,48114670546.03777
1685145600000,48475838353.5443
1685232000000,48532513898.69942
1685318400000,49657163876.2715
1685404800000,49223754312.89366
1685491200000,49203273430.55764
1685577600000,48465020079.37226
1685664000000,48171977973.12554
1685750400000,48523200816.46817
1685836800000,48414891022.96105
1685923200000,48263423171.78453
1686009600000,43725911783.76366
1686096000000,44409349947.91577
1686182400000,40930547462.14595
1686268800000,40853889040.89709
1686355200000,40552592782.85319
1686441600000,37283948504.243195
1686528000000,36623672856.155266
1686614400000,36015676858.416954
1686700800000,37842271275.50834
1686787200000,37009537059.90849
1686873600000,36772367138.23349
1686960000000,37264270931.828316
1687046400000,38098977837.470024
1687132800000,38024105466.61209
1687219200000,37828280143.083626
1687305600000,38506222392.05785
1687392000000,38934049356.3878
1687478400000,37565674019.61208
1687564800000,38082414938.90012
1687651200000,36863106029.2413
1687737600000,37187182852.20904
1687824000000,36760211282.02583
1687910400000,36994157124.108864
1687996800000,35938618431.36102
1688083200000,36395478143.66526
1688169600000,37477654423.359566
1688256000000,38509201810.49287
1688342400000,38268730396.45445
1688428800000,38332613582.64827
1688515200000,37810940338.58492
1688601600000,37284825811.10757
1688688000000,36245958961.433495
1688774400000,36669054074.67473
1688860800000,36802926316.85087
1688947200000,36475495886.20578
1689033600000,38198672256.78109
1689120000000,38718584412.54342
1689206400000,38043237563.26991
1689292800000,39815488719.20244
1689379200000,38561494027.78192
1689465600000,39137854035.67657
1689552000000,37826816987.01722
1689638400000,38049123458.503784
1689724800000,37417448510.97536
1689811200000,37593967247.68211
1689897600000,37843358630.96654
1689984000000,37980302697.91931
1690070400000,37472378595.41572
1690156800000,37776073344.168205
1690243200000,37216163716.00345
1690329600000,37048219779.903534
1690416000000,36768425085.167915
1690502400000,36977719013.436424
1690588800000,37222279132.88286
1690675200000,37306014277.37948
1690761600000,37315750968.66272
1690848000000,37107293025.991974
1690934400000,37997425239.52763
1691020800000,37035182390.95963
1691107200000,37132273836.48571
1691193600000,37114346769.65236
1691280000000,37367854737.81706
1691366400000,37324600944.7933
1691452800000,37176907148.642685
1691539200000,37713239950.15089
1691625600000,37541806213.868256
1691712000000,37112194985.219864
1691798400000,36864812015.19563
1691884800000,36943552949.5638
1691971200000,36913820931.58021
1692057600000,36970232010.680595
1692144000000,36440851751.89979
1692230400000,35682968644.367676
1692316800000,33552578195.828613
1692403200000,33229783482.26745
