Date,Price
1510185600000,0.0023868224612059903
1510272000000,0.0020444407393174656
1510358400000,0.0019147582843986697
1510444800000,0.0018043416345783466
1510531200000,0.0020176800199983237
1510617600000,0.0024153601045655
1510704000000,0.00232030016078447
1510790400000,0.00224758147932484
1510876800000,0.00202291008373067
1510963200000,0.00202236549981172
1511049600000,0.0019852680720025
1511136000000,0.00213324414257963
1511222400000,0.00212956832826169
1511308800000,0.00233308344610262
1511395200000,0.00213762296956841
1511481600000,0.00207102679607914
1511568000000,0.00201463762932339
1511654400000,0.00211400396485046
1511740800000,0.00208965933011546
1511827200000,0.00239251994364041
1511913600000,0.00205371567817567
1512000000000,0.00231126742281716
1512086400000,0.00214091310437674
1512172800000,0.00211868760130369
1512259200000,0.00209970595645613
1512345600000,0.00215278061595713
1512432000000,0.00213705734828711
1512518400000,0.00382354753637125
1512604800000,0.00392728194712116
1512691200000,0.00424307801985026
1512777600000,0.00440660167872202
1512864000000,0.00433149185420187
1512950400000,0.00513614997247419
1513036800000,0.00753660415196127
1513123200000,0.0154898457346668
1513209600000,0.0169942681141392
1513296000000,0.017619540606115
1513382400000,0.036781867275272
1513468800000,0.0341966186829019
1513555200000,0.039992128127492
1513641600000,0.0434546496853134
1513728000000,0.0496841375056056
1513814400000,0.0471933078996138
1513900800000,0.0356090035427112
1513987200000,0.0511145237776011
1514073600000,0.0375590534648345
1514160000000,0.0322068775245591
1514246400000,0.038447670182638
1514332800000,0.0373240517645088
1514419200000,0.0419151006934076
1514505600000,0.0368507724960489
1514592000000,0.0384059262535727
1514678400000,0.0465589544177895
1514764800000,0.0516540472349516
1514851200000,0.0808930764019199
1514937600000,0.09810683152172969
1515024000000,0.21813896209702388
1515110400000,0.23167275596197776
1515196800000,0.17928748936361966
1515283200000,0.19978596066784834
1515369600000,0.15690548165161397
1515456000000,0.13269400951985694
1515542400000,0.13426456800506337
1515628800000,0.11417243181734481
1515715200000,0.11596416170985852
1515801600000,0.10914446791001396
1515888000000,0.08925850998755465
1515974400000,0.08046854144691835
1516060800000,0.05513937251422896
1516147200000,0.07734211153937443
1516233600000,0.08476283421245935
1516320000000,0.08247751635257258
1516406400000,0.08857148007391785
1516492800000,0.07290660327891434
1516579200000,0.07360993173777669
1516665600000,0.06900129660971706
1516752000000,0.07032851946532716
1516838400000,0.06915843703255992
1516924800000,0.06593614894141041
1517011200000,0.06879186689692778
1517097600000,0.06509433533973356
1517184000000,0.0633302896350999
1517270708241,0.06315782032968759
1517356800000,0.05345448856691226
1517443200000,0.05418254771297397
1517529600000,0.04581397771102926
1517616000000,0.042133592261805096
1517702400000,0.044714950178816736
1517788800000,0.0389172266181113
1517875200000,0.02969723027281321
1517961600000,0.03593104571534715
1518048307122,0.03287256436538761
1518134400000,0.03740354937291113
1518220800000,0.04636652027172211
1518307200000,0.048144670132188795
1518393600000,0.04249768086803461
1518480000000,0.04628253679694836
1518566400000,0.04295382199563722
1518652800000,0.045920083145991615
1518739200000,0.04677690382695285
1518825600000,0.052054679633474404
1518912000000,0.05452501188733992
1518998400000,0.05002604517720842
1519084800000,0.051347351017133315
1519171200000,0.04786855252482507
1519257600000,0.04054764703832229
1519344000000,0.04060046173866607
1519430400000,0.04317951923862692
1519516800000,0.04077271033020109
1519603200000,0.04034369936983986
1519689600000,0.041732345232452665
1519776000000,0.04280210694034157
1519862400000,0.04319221149731172
1519948800000,0.04771778730869686
1520035200000,0.05340764031494659
1520121600000,0.04885955746058067
1520208000000,0.04705098202047787
1520294400000,0.046783619495873625
1520380800000,0.043931294129651986
1520467200000,0.039062482378477766
1520553600000,0.03683101553905234
1520640000000,0.03634033632692251
1520726400000,0.03522387387571262
1520812800000,0.03873241581039788
1520899200000,0.03645137389023075
1520985600000,0.03625938953120724
1521072000000,0.03136281408551243
1521158400000,0.030544998993907366
1521244800000,0.03111475783617599
1521331200000,0.028926810654195972
1521417600000,0.02865670418517293
1521504000000,0.03294788110858081
1521590400000,0.03804010396057149
1521676800000,0.0372444488955488
1521763200000,0.03774195733474908
1521849600000,0.04125439648198767
1521936000000,0.05021106797754887
1522022400000,0.04549689893030671
1522108800000,0.04471922646790188
1522195200000,0.043488313552935934
1522281600000,0.048569213650968626
1522368000000,0.04317088630408585
1522454400000,0.04160921745982491
1522540800000,0.0341375904343795
1522627200000,0.03231101234151885
1522713600000,0.03574337896923392
1522800000000,0.03494176726151288
1522886400000,0.03027961820097709
1522972800000,0.03992405477536945
1523059200000,0.036957837332943444
1523145600000,0.03704136110573553
1523232000000,0.03751810843284827
1523318400000,0.035879916689158166
1523404800000,0.036960693918003995
1523491200000,0.03615399980512408
1523577600000,0.03934928072535119
1523664000000,0.038819113367855713
1523750400000,0.03957221504711818
1523836800000,0.042610744009685404
1523923200000,0.041257953708151295
1524009600000,0.04200403526136193
1524096000000,0.04717590385849448
1524182400000,0.0493594201942148
1524268800000,0.05260763093279771
1524355200000,0.05358672704224282
1524441600000,0.05232296528296228
1524528000000,0.058233353138432496
1524614400000,0.07316431707921514
1524700800000,0.06989999818533249
1524787200000,0.07386266000429871
1524873600000,0.07414946853061369
1524960000000,0.0813774671527012
1525046400000,0.08879232546105843
1525132800000,0.09347573456873842
1525219200000,0.09249037781037228
1525305600000,0.09066494440121563
1525392000000,0.0877461611062984
1525478400000,0.08658792922530996
1525564800000,0.08670877742029591
1525651200000,0.08476631022664514
1525737600000,0.08306047706675453
1525824000000,0.08273388118846266
1525910400000,0.08052108655608065
1525996800000,0.07340193921712089
1526083200000,0.06609425653339475
1526169600000,0.06888642795126368
1526256000000,0.0757269121655995
1526342400000,0.07280452967945458
1526428800000,0.06830535835045426
1526515200000,0.07185066362014612
1526601600000,0.06735666494820498
1526688000000,0.06936260995706735
1526774400000,0.06882789784129603
1526860800000,0.0768630899282031
1526947200000,0.08220205242387559
1527033600000,0.07483681528844172
1527120000000,0.07006511505424956
1527206400000,0.07289308175609925
1527292800000,0.07120716212939557
1527379200000,0.07296021451633738
1527465600000,0.07056476582681351
1527552000000,0.0606724401839569
1527638400000,0.06497276269057387
1527724800000,0.06235031873583812
1527811200000,0.060488342253434524
1527897600000,0.058756162309672566
1527984000000,0.0608184544078472
1528070400000,0.06166751898182035
1528156800000,0.05894643190238083
1528243200000,0.060333605251288926
1528329600000,0.05916531960905441
1528416000000,0.05848603043984639
1528502400000,0.05725661055595045
1528588800000,0.056710068048409605
1528675200000,0.047986004487996094
1528761600000,0.04864552649732402
1528848000000,0.04404529723460649
1528934400000,0.04153641600431114
1529020800000,0.045316628923980966
1529107200000,0.042502766715169164
1529193600000,0.04302774328968212
1529280000000,0.042336904581625645
1529366400000,0.045025366343532804
1529452800000,0.04928615015182489
1529539200000,0.0492322220834048
1529625600000,0.04843147299704519
1529712000000,0.043397914116380956
1529798400000,0.044301544375642835
1529884800000,0.04234602728827978
1529971200000,0.04219596075643237
1530057600000,0.03837370012477271
1530144000000,0.039070329214186586
1530230400000,0.03688898600217208
1530316800000,0.03714265448945095
1530403200000,0.03841169164215015
1530489600000,0.037258979638108126
1530576000000,0.039527529490947545
1530662400000,0.03888134676144195
1530748800000,0.03887483601159103
1530835200000,0.03788351603871267
1530921600000,0.037148715792997306
1531008000000,0.03788872853996456
1531094400000,0.03717014355154785
1531180800000,0.03595380328942755
1531267200000,0.03398166378235299
1531353600000,0.033751055486826456
1531440000000,0.03247656190798047
1531526400000,0.03323594576911662
1531612800000,0.033415856688182574
1531699200000,0.03448432393350644
1531785600000,0.037189249892186554
1531872000000,0.03959585459855872
1531958400000,0.03955966960584796
1532044800000,0.037848019274465544
1532131200000,0.03490807385080904
1532217600000,0.035559235587162286
1532304000000,0.03515445429321892
1532390400000,0.0341725194282627
1532476800000,0.03808200491994444
1532563200000,0.03706214036071253
1532649600000,0.03592690496206219
1532736000000,0.03645896340750234
1532822400000,0.0368005632717437
1532908800000,0.03926194094158472
1532995200000,0.03653485856634338
1533081600000,0.033879411213020356
1533168000000,0.032670331351065784
1533254400000,0.03150257506428994
1533340800000,0.03054753704249824
1533427200000,0.028917725126944113
1533513600000,0.030315792323698215
1533600000000,0.029184762158684135
1533686400000,0.027769583690044154
1533772800000,0.024450419123021358
1533859200000,0.025880872988548336
1533945600000,0.02378862410922407
1534032000000,0.022441208740618654
1534118400000,0.022534584900354176
1534204800000,0.019381047071782072
1534291200000,0.018942736187711317
1534377600000,0.01942681752147608
1534464000000,0.019467081712438473
1534550400000,0.023228204255101248
1534636800000,0.02159736501357242
1534723200000,0.02223694451252499
1534809600000,0.020530498748619872
1534896000000,0.02103050084587969
1534982400000,0.01968101997257538
1535068800000,0.020745319550892483
1535155200000,0.02158435194622154
1535241600000,0.022470764641397273
1535328000000,0.02279112103769087
1535414400000,0.02459886622623842
1535500800000,0.02690774860552599
1535587200000,0.025441905180240657
1535673600000,0.024773699127842542
1535760000000,0.02530432387024632
1535846400000,0.026668819399201512
1535932800000,0.025577922785425432
1536019200000,0.02504393813894872
1536105600000,0.025224115927570352
1536192000000,0.021869620066636935
1536278400000,0.021598608990242952
1536364800000,0.020521182939998796
1536451200000,0.019170936479942717
1536537600000,0.01938315605926059
1536624000000,0.01931467208076282
1536710400000,0.018520136291697856
1536796800000,0.01819358830024429
1536883200000,0.02001804838093433
1536969600000,0.019811993340459702
1537056000000,0.019855203810837163
1537142400000,0.019951663293776817
1537228800000,0.018472444838785337
1537315200000,0.019395403880946703
1537401600000,0.019688280742822733
1537488000000,0.021331512856823318
1537574400000,0.025099023884628886
1537660800000,0.023342848976286506
1537747200000,0.023856861050466992
1537833600000,0.022113625555636753
1537920000000,0.021285126850665942
1538006400000,0.02093354195392484
1538092800000,0.02252510716009756
1538179200000,0.02193477492255725
1538265600000,0.02206294549969477
1538352000000,0.0221609307167225
1538438400000,0.02208128455121125
1538524800000,0.02201555415025874
1538611200000,0.021628261607478005
1538697600000,0.02283841894964172
1538784000000,0.023307016750582513
1538870400000,0.02374778031257031
1538956800000,0.026858028207563188
1539043200000,0.026684059554309972
1539129600000,0.026055616068660324
1539216000000,0.025371894045464333
1539302400000,0.021084713285598366
1539388800000,0.022914222548895125
1539475200000,0.02381276684328992
1539561600000,0.02381715898295385
1539648000000,0.025356824119894393
1539734400000,0.024671466419027663
1539820800000,0.024667398166985124
1539907200000,0.02448577921919413
1539993600000,0.024249710428173487
1540080000000,0.02438561579479439
1540166400000,0.024376343759374364
1540252800000,0.023975140969551202
1540339200000,0.023542825598944207
1540425600000,0.02357627521595615
1540512000000,0.023243352478067185
1540598400000,0.023746630946108637
1540684800000,0.02342482818223616
1540771200000,0.023562494384215163
1540857600000,0.022125707141165123
1540944000000,0.022210233121350162
1541030400000,0.0224040560345263
1541116800000,0.022397363119498075
1541203200000,0.022948103346737827
1541289600000,0.022727860484211066
1541376000000,0.02312805711407318
1541462400000,0.023616141834431142
1541548800000,0.024606840336281032
1541635200000,0.02415892181374526
1541721600000,0.023309475041381145
1541808000000,0.02306614452467585
1541894400000,0.023054743265982808
1541980800000,0.02291708918097496
1542067200000,0.022551806767945007
1542153600000,0.022144730366795186
1542240000000,0.019721168843814255
1542326400000,0.019255767889754867
1542412800000,0.01900552283655123
1542499200000,0.01899790019293267
1542585600000,0.0189484978852176
1542672000000,0.015856878437976098
1542758400000,0.014004192793993848
1542844800000,0.014802771805148966
1542931200000,0.013765439132576423
1543017600000,0.01378679327954621
1543104000000,0.012646381900638761
1543190400000,0.012412162418122116
1543276800000,0.011817169916904676
1543363200000,0.01196036170196589
1543449600000,0.014597811500206156
1543536000000,0.015709344434701268
1543622400000,0.014387498179069194
1543708800000,0.015183167950855966
1543795200000,0.014886160572020081
1543881600000,0.013866005380811217
1543968000000,0.014342585975722709
1544054400000,0.013979541834066151
1544140800000,0.012717754629380075
1544227200000,0.013129884367500917
1544313600000,0.013265937798525277
1544400000000,0.013428219550657157
1544486400000,0.013094813537828206
1544572800000,0.013163135091682572
1544659200000,0.013220056785776904
1544745600000,0.01299318083346536
1544832000000,0.0127150295264613
1544918400000,0.012710987717266314
1545004800000,0.012949950429393267
1545091200000,0.014111958707653487
1545177600000,0.014636754982355376
1545264000000,0.015511145421669986
1545350400000,0.01708822574833619
1545436800000,0.019771696693001647
1545523200000,0.020640621524681716
1545609600000,0.020593552035618655
1545696000000,0.020862079331407577
1545782400000,0.01945778389338068
1545868800000,0.02008179741741568
1545955200000,0.018181509059801218
1546041600000,0.020376706007310185
1546128000000,0.01987735989997748
1546214400000,0.019606629375094973
1546300800000,0.01860529733629499
1546387200000,0.019283845434658397
1546473600000,0.019837292068530826
1546560000000,0.019747922639294493
1546646400000,0.021256042416602568
1546732800000,0.022010066118855615
1546819200000,0.022646262796048616
1546905600000,0.02315427279624147
1546992000000,0.026014032983922263
1547078400000,0.0279472197685344
1547164800000,0.02563055484111704
1547251200000,0.02489188382565888
1547337600000,0.023130570094574993
1547424000000,0.021018019779728253
1547510400000,0.025276140689216398
1547596800000,0.024345206790845873
1547683200000,0.02488051669286627
1547769600000,0.02495172178158944
1547856000000,0.024450897169248257
1547942400000,0.024215563716556938
1548028800000,0.023535253382918255
1548115200000,0.02531189553933505
1548201600000,0.02622736181463037
1548288000000,0.026265539013573317
1548374400000,0.02666528787950476
1548460800000,0.026515059142785916
1548547200000,0.028408226684860777
1548633600000,0.02909649747645552
1548720000000,0.02666150729343333
1548806400000,0.027054550355553507
1548892800000,0.02708874820439135
1548979200000,0.025308572217691692
1549065600000,0.026168588894852355
1549152000000,0.025914022701289913
1549238400000,0.025388554441574986
1549324800000,0.026883816621928687
1549411200000,0.02615731727718416
1549497600000,0.025539178491791464
1549584000000,0.02566351352408346
1549670400000,0.026793443144125212
1549756800000,0.026263799160131485
1549843200000,0.025838267478118047
1549929600000,0.024623027313727487
1550016000000,0.024408676216913845
1550102400000,0.024097700753462188
1550188800000,0.023317448814456573
1550275200000,0.023692727780821033
1550361600000,0.023563652355200485
1550448000000,0.02380331466310108
1550534400000,0.024755840277534726
1550620800000,0.024843060488243158
1550707200000,0.02510270661634853
1550793600000,0.02468521549450979
1550880000000,0.024978185102775795
1550966400000,0.025264442393349212
1551052800000,0.023782493241178114
1551139200000,0.0240946351205934
1551225600000,0.02407634660015212
1551312000000,0.023927175479952312
1551398400000,0.023657469962577487
1551484800000,0.02351134194749198
1551571200000,0.02271095116642427
1551657600000,0.02247079022275348
1551744000000,0.022702785669801787
1551830400000,0.023739104102308367
1551916800000,0.023210224013739574
1552003200000,0.0229744422835061
1552089600000,0.022362354369965937
1552176000000,0.022811639339282264
1552262400000,0.022955506945169648
1552348800000,0.022061287265074208
1552435200000,0.022254235275011747
1552521600000,0.022265580714511513
1552608000000,0.022413019693057496
1552694400000,0.02294552721877997
1552780800000,0.02317699760807211
1552867200000,0.022922984900207465
1552953600000,0.022791192328692002
1553040000000,0.022786445889491903
1553126400000,0.022851718445443616
1553212800000,0.022215135748304523
1553299200000,0.02256002690052846
1553385600000,0.0242583029108237
1553472000000,0.023254277603533508
1553558400000,0.02256682955620331
1553644800000,0.022385628858641562
1553731200000,0.02335452433311764
1553817600000,0.023143049006533325
1553904000000,0.023339731266190218
1553990400000,0.023266216878597406
1554076800000,0.023526516349464364
1554163200000,0.02421095610506528
1554249600000,0.026765938823627194
1554336000000,0.026062539368261715
1554422400000,0.02588063331378256
1554508800000,0.027120152996515476
1554595200000,0.026770516428727714
1554681600000,0.028769061218824995
1554768000000,0.03068486231088545
1554854400000,0.02990723455666187
1554940800000,0.030050228163275107
1555027200000,0.026682891191588325
1555113600000,0.026493712421908136
1555200000000,0.026231484708910534
1555286400000,0.026966391594655085
1555372800000,0.026396764401012938
1555459200000,0.02691069275989263
1555545600000,0.026669772225389056
1555632000000,0.026903139596792018
1555718400000,0.02643266409241127
1555804800000,0.026106731008503487
1555891200000,0.02504062744257192
1555977600000,0.02508713930409226
1556064000000,0.024353082773415927
1556150400000,0.023369387670965566
1556236800000,0.02305626025684116
1556323200000,0.024003034404339815
1556409600000,0.02367882868885381
1556496000000,0.023533356465008978
1556582400000,0.022691094451640848
1556668800000,0.023865079582227892
1556755200000,0.023726593460952277
1556841600000,0.023436173980450378
1556928000000,0.023917367859820834
1557014400000,0.02321857451978284
1557100800000,0.023321626970201428
1557187200000,0.023833328181836207
1557273600000,0.023958538296611574
1557360000000,0.024550761882504563
1557446400000,0.02342778412251416
1557532800000,0.02350559710686961
1557619200000,0.02561292869975983
1557705600000,0.023800529340082005
1557792000000,0.02457025128859001
1557878400000,0.027637135268202773
1557964800000,0.031411719751592904
1558051200000,0.028769225013058532
1558137600000,0.027386858965987984
1558224000000,0.026930313410233723
1558310400000,0.028489752937837665
1558396800000,0.027895187943837864
1558483200000,0.02881166777416529
1558569600000,0.02716965682627237
1558656000000,0.027180390397477154
1558742400000,0.02785342803652862
1558828800000,0.02795132827746359
1558915200000,0.031115724108027154
1559001600000,0.0352200652667936
1559088000000,0.03454446200163811
1559174400000,0.03374328784205138
1559260800000,0.03141602294764563
1559347200000,0.03285583503741769
1559433600000,0.03733663052932394
1559520000000,0.03860069613999714
1559606400000,0.03431788415826244
1559692800000,0.0348180451727358
1559779200000,0.034142573665455346
1559865600000,0.03271897998905447
1559952000000,0.033844688958039645
1560038400000,0.03248654203150879
1560124800000,0.029947694885456694
1560211200000,0.0317117285563756
1560297600000,0.03125324395919761
1560384000000,0.03356207282112194
1560470400000,0.03262550238425738
1560556800000,0.03204407541399676
1560643200000,0.03268630972207683
1560729600000,0.032856218957847544
1560816000000,0.0338161088941522
1560902400000,0.033027778307242114
1560988800000,0.03338582817037188
1561075200000,0.03278119512357904
1561161600000,0.033246755757863296
1561248000000,0.03727600333305535
1561334400000,0.037355828805602224
1561420800000,0.03847249914172167
1561507200000,0.03857245489704237
1561593600000,0.036740673029633276
1561680000000,0.03255999306581545
1561766400000,0.03371899933686143
1561852800000,0.03532223676907292
1561939200000,0.03212009932119775
1562025600000,0.03276753677768089
1562112000000,0.03195952627260643
1562198400000,0.03297765690635721
1562284800000,0.03141351852005786
1562371200000,0.03182968590396933
1562457600000,0.032200269355860886
1562544000000,0.03494011859623054
1562630400000,0.03402026309882908
1562716800000,0.034344863814297785
1562803200000,0.03214263101267514
1562889600000,0.028066226857327344
1562976000000,0.029574468914524036
1563062400000,0.028487556383754865
1563148800000,0.02521111922032544
1563235200000,0.02534033587205347
1563321600000,0.02150511638746513
1563408000000,0.022728248951603944
1563494400000,0.02570378834825237
1563580800000,0.02791291541239919
1563667200000,0.029047501827856263
1563753600000,0.02927802177016817
1563840000000,0.026605347179438778
1563926400000,0.02449386011632596
1564012800000,0.023868474151604025
1564099200000,0.022968124614512458
1564185600000,0.023222781367756486
1564272000000,0.021928910398932893
1564358400000,0.02232529884462133
1564444800000,0.022042089713845067
1564531200000,0.022071733682432464
1564617600000,0.02242326881333274
1564704000000,0.02205108996585391
1564790400000,0.021785489820148055
1564876800000,0.021760780981640977
1564963200000,0.022266668814671414
1565049600000,0.02285685826757925
1565136000000,0.02178446521849926
1565222400000,0.021653035069702873
1565308800000,0.02200497036730397
1565395200000,0.019722356422991475
1565481600000,0.020424706275788865
1565568000000,0.020762299417165158
1565654400000,0.020686809278004096
1565740800000,0.020383556269080876
1565827200000,0.017708364297411433
1565913600000,0.01755376662405696
1566000000000,0.016914144358907455
1566086400000,0.016907424501907384
1566172800000,0.017739858068057005
1566259200000,0.017998841626554456
1566345600000,0.017522887065650545
1566432000000,0.016776823296828076
1566518400000,0.0174929431830877
1566604800000,0.01800117038413916
1566691200000,0.01779642285895447
1566777600000,0.017631549770287774
1566864000000,0.017693967709445684
1566950400000,0.017623549619426547
1567036800000,0.016018184984007748
1567123200000,0.015453516229874672
1567209600000,0.015616012870992575
1567296000000,0.015525468507979446
1567382400000,0.015555913449282529
1567468800000,0.01586834732296775
1567555200000,0.01593951610044105
1567641600000,0.015540680801947355
1567728000000,0.01495938185696819
1567814400000,0.014242591775928298
1567900800000,0.015396532613079094
1567987200000,0.015726361374722716
1568073600000,0.015713161160116923
1568160000000,0.015617722012210462
1568246400000,0.014901280796610168
1568332800000,0.01486079333739786
1568419200000,0.015493993993942167
1568505600000,0.015808198414585438
1568592000000,0.015531415942960154
1568678400000,0.01564804297472147
1568764800000,0.016749057251114027
1568851200000,0.017927153501761404
1568937600000,0.017619714132030555
1569024000000,0.017363405295228767
1569110400000,0.01815454514514453
1569196800000,0.016924810458719942
1569283200000,0.01607143203323918
1569369600000,0.012927260085418842
1569456000000,0.013227766510765059
1569542400000,0.012862253117897326
1569628800000,0.013638830056515084
1569715200000,0.013600131539608401
1569801600000,0.013311980352813047
1569888000000,0.014438609414583492
1569974400000,0.014388405706331566
1570060800000,0.01439177607920725
1570147200000,0.01455341098663872
1570233600000,0.014539307070423495
1570320000000,0.015073898300039239
1570406400000,0.01455722840624482
1570492800000,0.016184900519864803
1570579200000,0.01695186825663912
1570665600000,0.016899340865145444
1570752000000,0.016263725404162297
1570838400000,0.015780086750675083
1570924800000,0.01566218761415344
1571011200000,0.016090426953223314
1571097600000,0.016685380030302694
1571184000000,0.015694782493465308
1571270400000,0.015243781515318392
1571356800000,0.015418069791825903
1571443200000,0.015360783326561094
1571529600000,0.015459444012528604
1571616000000,0.015528282815868417
1571702400000,0.015536832358922224
1571788800000,0.015133805102389895
1571875200000,0.01432287725349962
1571961600000,0.015140607125045839
1572048000000,0.017575627287729795
1572134400000,0.01662108494305625
1572220800000,0.01902975337856095
1572307200000,0.020101490282073746
1572393600000,0.021932667656354748
1572480000000,0.020034737494228506
1572566400000,0.019831586888980374
1572652800000,0.019635811827796664
1572739200000,0.01989921911096475
1572825600000,0.019679344849573552
1572912000000,0.019759749803407296
1572998400000,0.019759857888224555
1573084800000,0.020147003026190033
1573171200000,0.01954577588967491
1573257600000,0.01878118815624992
1573344000000,0.018959315219470935
1573430400000,0.019365843197782617
1573516800000,0.019078154713676597
1573603200000,0.019575540499965013
1573689600000,0.020052556449640716
1573776000000,0.019395494575147106
1573862400000,0.018638753164473942
1573948800000,0.01870725169795016
1574035200000,0.01879724119068508
1574121600000,0.017202060843728897
1574208000000,0.01693607309122598
1574294400000,0.016578888037518412
1574380800000,0.01539943555675071
1574467200000,0.014471961735785101
1574553600000,0.015053254923328442
1574640000000,0.013749545785838885
1574726400000,0.014278511806104939
1574812800000,0.015260791499356212
1574899200000,0.01604342957767758
1574985600000,0.015877200143250513
1575072000000,0.0161350444437947
1575158400000,0.015478535441115219
1575244800000,0.015964830821172806
1575331200000,0.015229737084220926
1575417600000,0.015188019084958095
1575504000000,0.014328366999944732
1575590400000,0.014492207264406705
1575676800000,0.014682652432642008
1575763200000,0.014463147574383065
1575849600000,0.014569312710075534
1575936000000,0.014320115473926611
1576022400000,0.014085856687627483
1576108800000,0.014149473606123458
1576195200000,0.013805432184389418
1576281600000,0.014067157758738767
1576368000000,0.013838606207662639
1576454400000,0.013948658254045695
1576540800000,0.013446717612118651
1576627200000,0.012447970984499169
1576713600000,0.013359756982724862
1576800000000,0.01298540614336393
1576886400000,0.013382692801472492
1576972800000,0.013529305319549233
1577059200000,0.014860914798995631
1577145600000,0.013808912852482886
1577232000000,0.013515243988312983
1577318400000,0.013201926485618413
1577404800000,0.013378404682662827
1577491200000,0.013197245827469596
1577577600000,0.013490807169648596
1577664000000,0.01368812353694646
1577750400000,0.013305610872893218
1577836800000,0.013294518372967546
1577923200000,0.013199433185884608
1578009600000,0.012844718788314889
1578096000000,0.013370840281101023
1578182400000,0.01343760313961098
1578268800000,0.013511860078125108
1578355200000,0.01447064742626509
1578441600000,0.014361151546519544
1578528000000,0.013960137357356978
1578614400000,0.013995641366023534
1578700800000,0.014676652546254838
1578787200000,0.014562980749672154
1578873600000,0.014950159909701782
1578960000000,0.01461513746717858
1579046400000,0.016640157393215796
1579132800000,0.017242133610157865
1579219200000,0.017197851451980033
1579305600000,0.017578180444153078
1579392000000,0.017686296075391943
1579478400000,0.016665533815610346
1579564800000,0.0165899133882619
1579651200000,0.017216007707011295
1579737600000,0.017322063685110273
1579824000000,0.01631868103372538
1579910400000,0.01635519566245411
1579996800000,0.016124195274736484
1580083200000,0.016810946247545065
1580169600000,0.017061835459078006
1580256000000,0.01852976354228629
1580342400000,0.01858691917879175
1580428800000,0.01946476692779104
1580515200000,0.018643295200057978
1580601600000,0.01903419773899171
1580688000000,0.019107876101502053
1580774400000,0.019162127704241354
1580860800000,0.019222931496552718
1580947200000,0.020710434360689874
1581033600000,0.02258290307834853
1581120000000,0.022112650937857758
1581206400000,0.021832071186018938
1581292800000,0.02191787380444403
1581379200000,0.022256512964520123
1581465600000,0.022768040683208618
1581552000000,0.023854741592872396
1581638400000,0.023868534628713144
1581724800000,0.02608003508948802
1581811200000,0.02364681249118296
1581897600000,0.022581478255530706
1581984000000,0.021772830946629032
1582070400000,0.02256446906476368
1582156800000,0.020307757010873725
1582243200000,0.019896129358575154
1582329600000,0.02023305417970475
1582416000000,0.02003666857376416
1582502400000,0.0212598786834365
1582588800000,0.019948054321437782
1582675200000,0.01901825538836366
1582761600000,0.016548858233156685
1582848000000,0.016876976778887293
1582934400000,0.017061414971422887
1583020800000,0.016564348621303866
1583107200000,0.016562669090447242
1583193600000,0.01754765653540135
1583280000000,0.017234205836777733
1583366400000,0.017633498611107173
1583452800000,0.017793473997265167
1583539200000,0.01832423810096216
1583625600000,0.017088223097260023
1583712000000,0.014841753836002712
1583798400000,0.015044315690060655
1583884800000,0.015077733740626402
1583971200000,0.014856889150652627
1584057600000,0.00853406936172757
1584144000000,0.010225701434257786
1584230400000,0.009746561259712364
1584316800000,0.010266931197845806
1584403200000,0.009597606127513404
1584489600000,0.01011727241501937
1584576000000,0.010170352798530423
1584662400000,0.011644586463800363
1584748800000,0.011280953759001101
1584835200000,0.011181661849615072
1584921600000,0.0103332295844403
1585008000000,0.011361560264654161
1585094400000,0.011493061361390177
1585180800000,0.011391916770140226
1585267200000,0.01198810335717928
1585353600000,0.011209762507870228
1585440000000,0.011408881118997013
1585526400000,0.010738106956185583
1585612800000,0.011471253962243135
1585699200000,0.011610770308342741
1585785600000,0.011637585702905335
1585872000000,0.011960862137988288
1585958400000,0.011839294213209482
1586044800000,0.011914714768824197
1586131200000,0.01248691893776768
1586217600000,0.01366561925002807
1586304000000,0.013238116226104208
1586390400000,0.013692418526823512
1586476800000,0.01343539335710789
1586563200000,0.012503990535984909
1586649600000,0.012500002772784706
1586736000000,0.012708393107387183
1586822400000,0.012576457938402726
1586908800000,0.012419709123270005
1586995200000,0.012178679765913322
1587081600000,0.012984876128595467
1587168000000,0.012904272578203275
1587254400000,0.013345129915463265
1587340800000,0.012909707818864817
1587427200000,0.012415169093237111
1587513600000,0.012542611800182612
1587600000000,0.013000551885077182
1587686400000,0.01347907094454278
1587772800000,0.013902145278576382
1587859200000,0.013992309947938203
1587945600000,0.014241604169433817
1588032000000,0.014505654366796406
1588118400000,0.015234417749583475
1588204800000,0.016278926011921116
1588291200000,0.015246801386381239
1588377600000,0.01581227925194013
1588464000000,0.016336343047377275
1588550400000,0.016043103565153087
1588636800000,0.01624226878331767
1588723200000,0.015926249269899394
1588809600000,0.01574023398210986
1588896000000,0.016048415538583223
1588982400000,0.016213148417473244
1589068800000,0.01609702884070741
1589155200000,0.014379072480111593
1589241600000,0.013963765091165575
1589328000000,0.014488267186478018
1589414400000,0.01504881599292487
1589500800000,0.015322690524781326
1589587200000,0.014867080912375095
1589673600000,0.0149909363300826
1589760000000,0.015010809028839368
1589846400000,0.015311585244382829
1589932800000,0.015529955246080616
1590019200000,0.01499457414352409
1590105600000,0.014173344583720437
1590192000000,0.015018580273446842
1590278400000,0.014941434288038732
1590364800000,0.014235630501439002
1590451200000,0.014723843665563867
1590537600000,0.014544958211045728
1590624000000,0.014752063662688306
1590710400000,0.015153233754666328
1590796800000,0.014930610863729665
1590883200000,0.016268951028373706
1590969600000,0.015886498702243977
1591056000000,0.016991912478260984
1591142400000,0.016297772808875118
1591228800000,0.016811954698921543
1591315200000,0.017112112180686204
1591401600000,0.016846187758758638
1591488000000,0.017016186660442793
1591574400000,0.01812456554505771
1591660800000,0.017969433704120873
1591747200000,0.01755729859768002
1591833600000,0.017593232034916636
1591920000000,0.0157736805679571
1592006400000,0.0163949443813269
1592092800000,0.016731780628468723
1592179200000,0.016182148660392495
1592265600000,0.016177984743011495
1592352000000,0.016131104208853227
1592438400000,0.016187608352811005
1592524800000,0.01605732041887044
1592611200000,0.01588838316489191
1592697600000,0.01598599499496909
1592784000000,0.015865100146243313
1592870400000,0.01638383596755861
1592956800000,0.016466142491032603
1593043200000,0.01594387393303249
1593129600000,0.015928172767150774
1593216000000,0.015850230224023994
1593302400000,0.015454085393282387
1593388800000,0.015763294455577757
1593475200000,0.016187499949020568
1593561600000,0.016387490075733424
1593648000000,0.016871375719738547
1593734400000,0.0166248000696269
1593820800000,0.0166310824886699
1593907200000,0.016786959237517444
1593993600000,0.01679022027334656
1594080000000,0.018034075278025922
1594166400000,0.017139148304568735
1594252800000,0.01792971452087384
1594339200000,0.01846928960914801
1594425600000,0.01814188937427589
1594512000000,0.018356096646408793
1594598400000,0.018162470542398782
1594684800000,0.01753879789720725
1594771200000,0.017631995652319373
1594857600000,0.017580253511281254
1594944000000,0.017149637126387896
1595030400000,0.01717429324240981
1595116800000,0.017420321549745946
1595203200000,0.01753321554088248
1595289600000,0.017198084737448896
1595376000000,0.01763769199123773
1595462400000,0.017959291028662536
1595548800000,0.017869590505919106
1595635200000,0.017981133020488455
1595721600000,0.01871235164605766
1595808000000,0.018535013346750503
1595894400000,0.0186789884319624
1595980800000,0.019115015203040212
1596067200000,0.019275024217196336
1596153600000,0.019244314227940536
1596240000000,0.019686442428739657
1596326400000,0.020487021450702903
1596412800000,0.019000755523072954
1596499200000,0.01986350464028663
1596585600000,0.020333822756927758
1596672000000,0.020367439701825658
1596758400000,0.020238641544347142
1596844800000,0.01983385669935248
1596931200000,0.020355939674656827
1597017600000,0.02042941174347446
1597104000000,0.021487917108577524
1597190400000,0.020118573624748917
1597276800000,0.02022681915912518
1597363200000,0.022394464441035312
1597449600000,0.02474309253393991
1597536000000,0.025178287260628304
1597622400000,0.02808867721994377
1597708800000,0.03039781950475864
1597795200000,0.028742046447685545
1597881600000,0.026467623825155533
1597968000000,0.02752118987516019
1598054400000,0.024189390712833252
1598140800000,0.025135586074232864
1598227200000,0.024402748687601134
1598313600000,0.02511701016207541
1598400000000,0.02310787330906825
1598486400000,0.023684270255351015
1598572800000,0.02306089184132412
1598659200000,0.02392321620166728
1598745600000,0.024978688351572128
1598832000000,0.02691484362157624
1598918400000,0.029349690212924
1599004800000,0.03471569093847905
1599091200000,0.034740270018272165
1599177600000,0.04094072674242697
1599264000000,0.0356962276151141
1599350400000,0.029977628044229942
1599436800000,0.03169800024658187
1599523200000,0.03215180919450942
1599609600000,0.03496725139547197
1599696000000,0.03397776615874086
1599782400000,0.03299006775945439
1599868800000,0.03346756802355502
1599955200000,0.03274882067788218
1600041600000,0.030658275548083504
1600128000000,0.03040123822247654
1600214400000,0.027915598178337327
1600300800000,0.02647687237084751
1600387200000,0.027993943771464892
1600473600000,0.029008005233839364
1600560000000,0.027719281455852125
1600646400000,0.026942547775035523
1600732800000,0.02493681643849968
1600819200000,0.02498898582657664
1600905600000,0.024788804284313338
1600992000000,0.026079126990586895
1601078400000,0.027111281944671828
1601164800000,0.027212957674121317
1601251200000,0.026525928909939156
1601337600000,0.0262787593479251
1601424000000,0.026307841607335975
1601510400000,0.026201792096873545
1601596800000,0.025689563852385938
1601683200000,0.02595694658185303
1601769600000,0.027195762521368325
1601856000000,0.02643754921197985
1601942400000,0.026456849352842187
1602028800000,0.02558254493443988
1602115200000,0.025489053558197968
1602201600000,0.025699161402052095
1602288000000,0.026308969600993645
1602374400000,0.026436554956130783
1602460800000,0.02655322075098341
1602547200000,0.02709877042118717
1602633600000,0.026821370850925872
1602720000000,0.026773157451351236
1602806400000,0.02649292175347336
1602892800000,0.02572487072439086
1602979200000,0.025749164080843174
1603065600000,0.025945910775716743
1603152000000,0.025882336225518752
1603238400000,0.02604843738008677
1603324800000,0.02669810935160812
1603411200000,0.027066058446369362
1603497600000,0.02670901343508885
1603584000000,0.027041613677964343
1603670400000,0.02693919008106111
1603756800000,0.026769249581438934
1603843200000,0.026984961333394338
1603929600000,0.02689013452535647
1604016000000,0.02654594446754791
1604102400000,0.02558427430032872
1604188800000,0.025856862068283283
1604275200000,0.02572599800457507
1604361600000,0.024456935346311076
1604448000000,0.02445008199273493
1604534400000,0.024226985160160242
1604620800000,0.025020506827350044
1604707200000,0.02606864869200342
1604793600000,0.024934878821244514
1604880000000,0.02537712502359173
1604966400000,0.024831095425617764
1605052800000,0.02485461472946424
1605139200000,0.025025021157222868
1605225600000,0.024943848520579497
1605312000000,0.02535850088681227
1605398400000,0.025147765103811916
1605484800000,0.02528024939933145
1605571200000,0.02543978158092924
1605657600000,0.026379392190627914
1605744000000,0.026861589202552112
1605830400000,0.025799445773671652
1605916800000,0.02621825124735053
1606003200000,0.03036997911635926
1606089600000,0.028767215334242646
1606176000000,0.03148071451255826
1606262400000,0.03499626064991254
1606348800000,0.033042108025203444
1606435200000,0.029360693754659672
1606521600000,0.029354903262897875
1606608000000,0.030426190982518753
1606694400000,0.030608108139112987
1606780800000,0.032243706394538746
1606867200000,0.03036022903652279
1606953600000,0.031228183609122474
1607040000000,0.03160915189698953
1607126400000,0.029580988583687174
1607212800000,0.030586834327152604
1607299200000,0.030940256481640893
1607385600000,0.030334357258915992
1607472000000,0.027869966171500622
1607558400000,0.028754977886874134
1607644800000,0.028153649159534437
1607731200000,0.02783733963157273
1607817600000,0.02857381562974163
1607904000000,0.029179192915066432
1607990400000,0.029069249927875927
1608076800000,0.029220464152127954
1608163200000,0.031119907082986405
1608249600000,0.030705303850796166
1608336000000,0.03115900737069161
1608422400000,0.03129462460038835
1608508800000,0.03121460549365857
1608595200000,0.029438393757872158
1608681600000,0.028964048140849283
1608768000000,0.025003130664027515
1608854400000,0.02768411785695969
1608940800000,0.028445134030443794
1609027200000,0.027786795765022496
1609113600000,0.028841848272246152
1609200000000,0.029576514670782927
1609286400000,0.027692104478443856
1609372800000,0.0269722756539759
1609459200000,0.02683999911266133
1609545600000,0.026945626989159296
1609632000000,0.02730004452412009
1609718400000,0.02976869123649589
1609804800000,0.03056010393737172
1609891200000,0.028645158592325325
1609977600000,0.030692917806104544
1610064000000,0.031051481738788238
1610150400000,0.030483688784289975
1610236800000,0.034313073080196405
1610323200000,0.03296941705135634
1610409600000,0.02899910857519136
1610496000000,0.028672579455878713
1610582400000,0.030156684576222878
1610668800000,0.0300361996728449
1610755200000,0.029774176866735454
1610841600000,0.03022322739693512
1610928000000,0.030130614246134918
1611014400000,0.03156177803247332
1611100800000,0.0307100929405675
1611187200000,0.030509745715534446
1611273600000,0.02774384980039266
1611360000000,0.02866168597542374
1611446400000,0.029185001651208933
1611532800000,0.029991974522497272
1611619200000,0.029573719619344314
1611705600000,0.02952602463850334
1611792000000,0.02834027332602904
1611878400000,0.029502717374479865
1611964800000,0.03323238637090954
1612051200000,0.03175421591260301
1612137600000,0.03163174515604489
1612224000000,0.032862389315146505
1612310400000,0.03315234907945522
1612396800000,0.034474788145664355
1612483200000,0.03322663585849484
1612569600000,0.03626699726602774
1612656000000,0.03504946910726195
1612742400000,0.03586679378890883
1612828800000,0.04076370772728507
1612915200000,0.04626203218045289
1613001600000,0.046240517047443454
1613088000000,0.05735432135742353
1613174400000,0.055340955181145665
1613260800000,0.059349412677413664
1613347200000,0.05564360633826195
1613433600000,0.05053138531606331
1613520000000,0.05235892880150863
1613606400000,0.05254075986396406
1613692800000,0.05504973112958539
1613779200000,0.0613594572606049
1613865600000,0.05826385702791838
1613952000000,0.059769804620164325
1614038400000,0.054643158265018484
1614124800000,0.0449313320732831
1614211200000,0.04813953172303743
1614297600000,0.045139616296585194
1614384000000,0.04534391824896902
1614470400000,0.04705618310431853
1614556800000,0.04541996297892866
1614643200000,0.04785254471479318
1614729600000,0.04696716750125272
1614816000000,0.04914016462220216
1614902400000,0.05154535573584584
1614988800000,0.05035929315221383
1615075200000,0.05029430159423065
1615161600000,0.051869462144362374
1615248000000,0.053012740672472865
1615334400000,0.053280839184977946
1615420800000,0.05153701503207279
1615507200000,0.051508734341221205
1615593600000,0.04999559768062298
1615680000000,0.0528666586522021
1615766400000,0.051518885494511606
1615852800000,0.0507525440831859
1615939200000,0.052396803846841734
1616025600000,0.0552423334389515
1616112000000,0.053581872523311834
1616198400000,0.0586322692747111
1616284800000,0.0612374359288427
1616371200000,0.06283302525202726
1616457600000,0.059734131596064784
1616544000000,0.05884121781026774
1616630400000,0.05548737937749144
1616716800000,0.05536927884394128
1616803200000,0.06497742846740698
1616889600000,0.06379603980142541
1616976000000,0.06351460866546163
1617062400000,0.06477393588405077
1617148800000,0.06580062770978687
1617235200000,0.09190354372614341
1617321600000,0.0861440566799047
1617408000000,0.092249320886347
1617494400000,0.10164505964634299
1617580800000,0.12820995736775656
1617667200000,0.13849001049301585
1617753600000,0.12492460298946804
1617840000000,0.11143087999764008
1617926400000,0.12391281075521406
1618012800000,0.1162904151261407
1618099200000,0.12621564379229344
1618185600000,0.12249057561522976
1618272000000,0.12983304640197924
1618358400000,0.14712523273095204
1618444800000,0.14129577819206068
1618531200000,0.16617800435448152
1618617600000,0.1615249768154726
1618704000000,0.15773302701838435
1618790400000,0.14416086635863784
1618876800000,0.1315105424635931
1618963200000,0.13359911339697975
1619049600000,0.1246343143402509
1619136000000,0.11091831669344644
1619222400000,0.10936093252389369
1619308800000,0.10308624167058483
1619395200000,0.1018477904585764
1619481600000,0.11722724790275237
1619568000000,0.12545084406092977
1619654400000,0.12305210155570184
1619740800000,0.12149483805398033
1619827200000,0.1329183115991712
1619913600000,0.1313498798806444
1620000000000,0.12817199354966913
1620086400000,0.1322155817463632
1620172800000,0.1196454444745042
1620259200000,0.14624738296310738
1620345600000,0.15304492087799554
1620432000000,0.1485400839272502
1620518400000,0.14407513478225498
1620604800000,0.14350575099966875
1620691200000,0.12872487549816958
1620777600000,0.13931982142420127
1620864000000,0.12422823049047538
1620950400000,0.122158184314522
1621036800000,0.12526124995391427
1621123200000,0.12067568356714564
1621209600000,0.12029631483757991
1621296000000,0.11268827363906471
1621382400000,0.1170980346884558
1621468800000,0.08033393967581362
1621555200000,0.08890776661744329
1621641600000,0.0782405633733398
1621728000000,0.07597531954501835
1621814400000,0.06366954568198857
1621900800000,0.07664730505591989
1621987200000,0.07723520737026017
1622073600000,0.08335879456179082
1622160000000,0.07949510880637461
1622246400000,0.07239340642605407
1622332800000,0.06956540323863515
1622419200000,0.07197631057145866
1622505600000,0.07670332154659736
1622592000000,0.07617270498075515
1622678400000,0.07821967233507852
1622764800000,0.08225373592507894
1622851200000,0.07744065781179908
1622937600000,0.07560179985087011
1623024000000,0.07749281110159897
1623110400000,0.07118365436782757
1623196800000,0.07270941400099197
1623283200000,0.0755321613415664
1623369600000,0.07270762457403189
1623456000000,0.06927783001628762
1623542400000,0.0682843879263286
1623628800000,0.07146111926850743
1623715200000,0.07221332905266863
1623801600000,0.07211073430888777
1623888000000,0.06872286883750166
1623974400000,0.07370712691177035
1624060800000,0.0695934981291446
1624147200000,0.06872802823357642
1624233600000,0.06802071065282371
1624320000000,0.05423026688059022
1624406400000,0.0508615306560151
1624492800000,0.05695182053845154
1624579200000,0.06623232555120999
1624665600000,0.06238106931381374
1624752000000,0.06255824747674266
1624838400000,0.06495154063191287
1624924800000,0.06546783639696861
1625011200000,0.06789915920364797
1625097600000,0.06824318022569606
1625184000000,0.06503644923842729
1625270400000,0.06663894458423027
1625356800000,0.06691905713981895
1625443200000,0.06746832051385311
1625529600000,0.06489741541354918
1625616000000,0.06495016041981513
1625702400000,0.06444911863986999
1625788800000,0.0613600176644991
1625875200000,0.06258088385968204
1625961600000,0.06160171966783433
1626048000000,0.06209899394662502
1626134400000,0.060513482670689484
1626220800000,0.05951032054838657
1626307200000,0.06010092577145162
1626393600000,0.057772308725399756
1626480000000,0.055795444371636846
1626566400000,0.056187908324615767
1626652800000,0.05638019570409844
1626739200000,0.053717324031797256
1626825600000,0.05093942163911803
1626912000000,0.05416171355953016
1626998400000,0.05540128160984627
1627084800000,0.056005655218664956
1627171200000,0.05740044781189992
1627257600000,0.05835950512152581
1627344000000,0.058487684956305894
1627430400000,0.06003472132179857
1627516800000,0.06053608596160201
1627603200000,0.06181684363497259
1627689600000,0.06320278345011306
1627776000000,0.06432875326732991
1627862400000,0.06345703138649328
1627948800000,0.06475222596631974
1628035200000,0.06425070951231715
1628121600000,0.06752116197094794
1628208000000,0.07019135287493238
1628294400000,0.07170562284831575
1628380800000,0.07533460793133911
1628467200000,0.07162457044693642
1628553600000,0.07391107437653796
1628640000000,0.07469376076377532
1628726400000,0.08321525152322728
1628812800000,0.0841338911372656
1628899200000,0.08939455040612626
1628985600000,0.09264022204317256
1629072000000,0.09289228131703317
1629158400000,0.08960312444784871
1629244800000,0.08502664693112746
1629331200000,0.08523336202804396
1629417600000,0.0872405236892417
1629504000000,0.08993623058676473
1629590400000,0.08800679043345175
1629676800000,0.08784537062875375
1629763200000,0.08981883384087891
1629849600000,0.08491583539821176
1629936000000,0.08748035750269194
1630022400000,0.08399570132679278
1630108800000,0.08818908001601905
1630195200000,0.08842251589764624
1630281600000,0.08865389853583577
1630368000000,0.08648875007516575
1630454400000,0.08897464102826164
1630540800000,0.09502876414651962
1630627200000,0.09983496956411424
1630713600000,0.1014734429353472
1630800000000,0.10196586952318973
1630886400000,0.10481056375348663
1630972800000,0.10404292567918037
1631059200000,0.08585744454527297
1631145600000,0.0927538935874372
1631232000000,0.0931489182601416
1631318400000,0.09085880408381551
1631404800000,0.09513998336637948
1631491200000,0.11286602147672177
1631577600000,0.10521847721507031
1631664000000,0.11810269284298129
1631750400000,0.11994784217743584
1631836800000,0.11651057474102841
1631923200000,0.10540796787619006
1632009600000,0.10619812251346804
1632096000000,0.10404210036133713
1632182400000,0.09193137258157245
1632268800000,0.08768716062733818
1632355200000,0.09877820003018686
1632441600000,0.09940086049462554
1632528000000,0.09219000632512625
1632614400000,0.09114009948997244
1632700800000,0.08785132478934983
1632787200000,0.08614735885336293
1632873600000,0.08312574694185805
1632960000000,0.08619854839371416
1633046400000,0.08949868983528837
1633132800000,0.0947983942237723
1633219200000,0.09402767464519281
1633305600000,0.09521203386340575
1633392000000,0.0938406281620836
1633478400000,0.09691797775129968
1633564800000,0.0955676735908368
1633651200000,0.09557257750200088
1633737600000,0.09753619712574264
1633824000000,0.10303009749834612
1633910400000,0.09790126563947069
1633996800000,0.09747837170211357
1634083200000,0.0954060543196551
1634169600000,0.09798348682056653
1634256000000,0.09734336138326173
1634342400000,0.09926277156238253
1634428800000,0.09924791425982657
1634515200000,0.09887525647959394
1634601600000,0.09815363070513886
1634688000000,0.1009368496897939
1634774400000,0.10360206396337078
1634860800000,0.09999180759948913
1634947200000,0.10027657406886561
1635033600000,0.10124773623991751
1635120000000,0.09966676646170311
1635206400000,0.10128312484571922
1635292800000,0.10136468807838765
1635379200000,0.09118025810210355
1635465600000,0.09553994187737627
1635552000000,0.09962430190648855
1635638400000,0.101139268775244
1635724800000,0.1013931526349417
1635811200000,0.10073497311979353
1635897600000,0.10764245920708992
1635984000000,0.10591794983135985
1636070400000,0.10385259100684643
1636156800000,0.1039297232712881
1636243200000,0.10278538020044825
1636329600000,0.10485997985268156
1636416000000,0.1098100057870263
1636502400000,0.11469774085697945
1636588800000,0.10671854395264302
1636675200000,0.10932561936188556
1636761600000,0.10825503531535845
1636848000000,0.11311651955629004
1636934400000,0.11764933839040034
1637020800000,0.12443662674419145
1637107200000,0.11039600562519243
1637193600000,0.11190169860664863
1637280000000,0.10062363664428141
1637366400000,0.1048094448367013
1637452800000,0.10580726210674993
1637539200000,0.10795966467875144
1637625600000,0.10210983402683542
1637712000000,0.10327883409420775
1637798400000,0.09805627498284629
1637884800000,0.10013002930445065
1637971200000,0.09250150950109703
1638057600000,0.09323481083918218
1638144000000,0.09511603243160285
1638230400000,0.09691249793235879
1638316800000,0.09658556672462715
1638403200000,0.09832513311615781
1638489600000,0.09756662038888449
1638576000000,0.09434592272983432
1638662400000,0.0869591408460489
1638748800000,0.08435420843446786
1638835200000,0.08753469008351641
1638921600000,0.0906054724702251
1639008000000,0.09264578471902456
1639094400000,0.08939111032715577
1639180800000,0.0881978143223614
1639267200000,0.09146615357531274
1639353600000,0.09123565509233306
1639440000000,0.08509721209063983
1639526400000,0.08726753162945262
1639612800000,0.08783881918686882
1639699200000,0.08555958036126582
1639785600000,0.07987846881928028
1639872000000,0.08055009205084213
1639958400000,0.07969039849054281
1640044800000,0.077954021642829
1640131200000,0.07923779270623209
1640217600000,0.07936328312238201
1640304000000,0.0828326958075362
1640390400000,0.08119225715365674
1640476800000,0.08181350283754542
1640563200000,0.08170616774294316
1640649600000,0.08127731898511373
1640736000000,0.07746469706799136
1640822400000,0.07671815411657268
1640908800000,0.07792128055002882
1640995200000,0.07547578501599393
1641081600000,0.07692607490220185
1641168000000,0.07777752839661267
1641254400000,0.07722094556633327
1641340800000,0.07615930225563554
1641427200000,0.0715850233429208
1641513600000,0.07124058047856782
1641600000000,0.06830251057748078
1641686400000,0.06552641001921797
1641772800000,0.06617832866230092
1641859200000,0.06359642697805332
1641945600000,0.06504279816019588
1642032000000,0.0682373106084202
1642118400000,0.06624696820268221
1642204800000,0.067732708403753
1642291200000,0.06866808650516405
1642377600000,0.0698959073823616
1642464000000,0.07087844282781951
1642550400000,0.0685253677791249
1642636800000,0.06918146230738453
1642723200000,0.06780137019099229
1642809600000,0.060866998888994245
1642896000000,0.056966054152349246
1642982400000,0.057503279171235065
1643068800000,0.055358313258498944
1643155200000,0.056076574712805846
1643241600000,0.056346098403560294
1643328000000,0.05671946825642692
1643414400000,0.057780277291248926
1643500800000,0.06051677225146077
1643587200000,0.0588566041593834
1643673600000,0.05911541190280655
1643760000000,0.06000409511449759
1643846400000,0.058825653417340334
1643932800000,0.05977979742777523
1644019200000,0.0646972555189533
1644105600000,0.0650458826941763
1644192000000,0.06633112705692658
1644278400000,0.06883201075666619
1644364800000,0.06823001193611965
1644451200000,0.0699655657700697
1644537600000,0.06875702565443997
1644624000000,0.0641659118642036
1644710400000,0.06348346005879194
1644796800000,0.06450804908189046
1644883200000,0.06458546782766232
1644969600000,0.06679398761605765
1645056000000,0.06653088876495662
1645142400000,0.06252821216868153
1645228800000,0.06323914788792963
1645315200000,0.06367026946998598
1645401600000,0.06229978264438377
1645488000000,0.05995656694403417
1645574400000,0.0627197016522421
1645660800000,0.06109881769841084
1645747200000,0.061193233985761646
1645833600000,0.059769417543487385
1645920000000,0.05968933303358023
1646006400000,0.05817770722942069
1646092800000,0.06174468648261207
1646179200000,0.062101205498008155
1646265600000,0.061553461815968484
1646352000000,0.06001746040423428
1646438400000,0.05827853250245643
1646524800000,0.06049071641310343
1646611200000,0.05895212310500727
1646697600000,0.05850910445540377
1646784000000,0.06055058789659915
1646870400000,0.060813045372349155
1646956800000,0.05991489187002033
1647043200000,0.060275230207907676
1647129600000,0.059692126807127245
1647216000000,0.059400595316788464
1647302400000,0.06012580201613421
1647388800000,0.06052661105396354
1647475200000,0.06110326609031587
1647561600000,0.06086003240112509
1647648000000,0.061785329241279226
1647734400000,0.06187611739729251
1647820800000,0.06143375368219794
1647907200000,0.06176724516386929
1647993600000,0.0634500849039744
1648080000000,0.06426753079252337
1648166400000,0.06551529690285296
1648252800000,0.06443951880771451
1648339200000,0.06610062265457851
1648425600000,0.06895812668623674
1648512000000,0.06898958000155227
1648598400000,0.06928710886256027
1648684800000,0.07307695941608688
1648771200000,0.0738849213322929
1648857600000,0.07480439450935561
1648944000000,0.07323322480985589
1649030400000,0.07302636756831579
1649116800000,0.07077677050934941
1649203200000,0.0694407358326595
1649289600000,0.0632048364155585
1649376000000,0.06445302930561025
1649462400000,0.06260599316525509
1649548800000,0.06399483138010544
1649635200000,0.06265589653107384
1649721600000,0.05824396350823014
1649808000000,0.06011365283752876
1649894400000,0.06164510068399948
1649980800000,0.06020905037965864
1650067200000,0.06194307964886762
1650153600000,0.06203863277012062
1650240000000,0.06015478857071823
1650326400000,0.06156889035471338
1650412800000,0.06336008893632039
1650499200000,0.06265260099467801
1650585600000,0.0715298020675484
1650672000000,0.06679472390123915
1650758400000,0.06767087325071801
1650844800000,0.06564986316765764
1650931200000,0.06540455049279874
1651017600000,0.061941710998684604
1651104000000,0.06318017923861056
1651190400000,0.06365310904082462
1651276800000,0.0636299002419549
1651363200000,0.0631023236092311
1651449600000,0.07104314934699187
1651536000000,0.06868124460546364
1651622400000,0.07226837090547539
1651708800000,0.08636016216545199
1651795200000,0.07483020322215772
1651881600000,0.08638463611631925
1651968000000,0.08354935693149736
1652054400000,0.08776011720097456
1652140800000,0.0737911461141918
1652227200000,0.07708914908747624
1652313600000,0.07503086493881261
1652400000000,0.06757802245123862
1652486400000,0.07433543845947728
1652572800000,0.0727808530244013
1652659200000,0.07236959371922717
1652745600000,0.06920796145983238
1652832000000,0.07249531773751619
1652918400000,0.07111313345585754
1653004800000,0.07395351306061962
1653091200000,0.07144496399382481
1653177600000,0.07416608026053165
1653264000000,0.07815744593918296
1653350400000,0.07630263319179219
1653436800000,0.08058379643372023
1653523200000,0.0846974107198607
1653609600000,0.08253116769826896
1653696000000,0.08060719409548549
1653782400000,0.08139442100796353
1653868800000,0.08060453320862108
1653955200000,0.08335957524715931
1654041600000,0.08413005203303735
1654128000000,0.08355136868684772
1654214400000,0.0841117586539808
1654300800000,0.08111992713967442
1654387200000,0.08046929326929374
1654473600000,0.0814485407835347
1654560000000,0.08176144372889223
1654646400000,0.08250044644197856
1654732800000,0.08049772926371983
1654819200000,0.08091752389977463
1654905600000,0.07897978731909544
1654992000000,0.07602480331572428
1655078400000,0.07699448685753928
1655164800000,0.06384286754477296
1655251200000,0.05610535511104025
1655337600000,0.06299478558011692
1655424000000,0.05920319529182637
1655510400000,0.06000505604292058
1655596800000,0.06098089880999242
1655683200000,0.06146036379159471
1655769600000,0.061324215489852056
1655856000000,0.06484764271385367
1655942400000,0.0631835010111004
1656028800000,0.06377344862020677
1656115200000,0.06619749165764409
1656201600000,0.06491774525475409
1656288000000,0.06509508669572758
1656374400000,0.06709299537277116
1656460800000,0.06604986250241422
1656547200000,0.06487147657355681
1656633600000,0.0639999220378371
1656720000000,0.06523003552985733
1656806400000,0.0648863990373451
1656892800000,0.0663361501102919
1656979200000,0.06732208111183353
1657065600000,0.06818929765224006
1657152000000,0.06765784671041607
1657238400000,0.0687579677806489
1657324800000,0.0694029141699874
1657411200000,0.06985415616520879
1657497600000,0.06769313270186995
1657584000000,0.0647578093805519
1657670400000,0.06480743241653047
1657756800000,0.06623098380377039
1657843200000,0.06694230996416796
1657929600000,0.06708181112304051
1658016000000,0.0688984988618949
1658102400000,0.06755611535917756
1658188800000,0.06907418770322217
1658275200000,0.06909697784206303
1658361600000,0.06767552630350217
1658448000000,0.06803778466638036
1658534400000,0.06708359876236643
1658620800000,0.06712178750986494
1658707200000,0.06696088334624237
1658793600000,0.06398227041452932
1658880000000,0.06543207042219212
1658966400000,0.06858798785075643
1659052800000,0.0697348687700574
1659139200000,0.06952875171745508
1659225600000,0.06923895334222388
1659312000000,0.06910386107570186
1659398400000,0.07003460062419219
1659484800000,0.06861674134357394
1659571200000,0.06793488933469201
1659657600000,0.06922939575327683
1659744000000,0.06984506133915454
1659830400000,0.06956674562293134
1659916800000,0.06979752338699743
1660003200000,0.07020833147717409
1660089600000,0.06871639958691514
1660176000000,0.07045065473861943
1660262400000,0.07040397108452817
1660348800000,0.07064070379398946
1660435200000,0.07003374300109162
1660521600000,0.07045155663503008
1660608000000,0.0691202770865525
1660694400000,0.0699285753382275
1660780800000,0.06830879191480298
1660867200000,0.06762296700346226
1660953600000,0.06433055287069232
1661040000000,0.06589420668203631
1661126400000,0.06628655178509996
1661212800000,0.0656141497420741
1661299200000,0.06636303441980002
1661385600000,0.06490528770877005
1661472000000,0.06560218938245219
1661558400000,0.06175752482088755
1661644800000,0.06303757001411486
1661731200000,0.06178074144596161
1661817600000,0.0634893086117866
1661904000000,0.06485043507065492
1661990400000,0.06345341469201288
1662076800000,0.06342735918439216
1662163200000,0.06263149945625329
1662249600000,0.06313301202553889
1662336000000,0.06356245259985815
1662422400000,0.06293771209841147
1662508800000,0.06092571151098926
1662595200000,0.061901196935307504
1662681600000,0.061288059537130075
1662768000000,0.06342031811180884
1662854400000,0.06474716666723732
1662940800000,0.06405886705410647
1663027200000,0.06377023518137236
1663113600000,0.060714809966613395
1663200000000,0.06167117115510386
1663286400000,0.0612901880813158
1663372800000,0.06129680070452092
1663459200000,0.06224025485937064
1663545600000,0.06097985282070913
1663632000000,0.0603731219672905
1663718400000,0.059780132294592066
1663804800000,0.05929043725857937
1663891200000,0.06036682400582843
1663977600000,0.06054218344948795
1664064000000,0.05990611395507512
1664150400000,0.059763107277912494
1664236800000,0.05952960980681634
1664323200000,0.05947218540119678
1664409600000,0.059755423574499915
1664496000000,0.061010678818430614
1664582400000,0.06115072481971446
1664668800000,0.06052338167037034
1664755200000,0.06098041931913766
1664841600000,0.06138891770815971
1664928000000,0.06236867505732151
1665014400000,0.062426570903116395
1665100800000,0.06276193294272318
1665187200000,0.06257793587124466
1665273600000,0.06211017749389025
1665360000000,0.062474585458584676
1665446400000,0.0628311290871065
1665532800000,0.06160412006281672
1665619200000,0.06179444839647892
1665705600000,0.06102495706478578
1665792000000,0.06397842825213607
1665878400000,0.061872932614475816
1665964800000,0.06185690008120665
1666051200000,0.06273904209342546
1666137600000,0.062188561957813956
1666224000000,0.06178268328629535
1666310400000,0.062181946522200035
1666396800000,0.06168778304510022
1666483200000,0.06165247707831897
1666569600000,0.06184314985635001
1666656000000,0.06130339114799373
1666742400000,0.062426855999478406
1666828800000,0.06343001331507725
1666915200000,0.06301598902837884
1667001600000,0.06354658249230564
1667088000000,0.06390068872715964
1667174400000,0.06309119668360143
1667260800000,0.06335048430463566
1667347200000,0.06285690505123494
1667433600000,0.061582028337034064
1667520000000,0.0617687230812106
1667606400000,0.06368813238416962
1667692800000,0.0635994873965815
1667779200000,0.06278605795996806
1667865600000,0.062340477124366016
1667952000000,0.05922536518430248
1668038400000,0.05406467077704971
1668124800000,0.05777116493741051
1668211200000,0.05613058961090891
1668297600000,0.05502782955406604
1668384000000,0.050973962789448914
1668470400000,0.050176277868188776
1668556800000,0.050764622051531455
1668643200000,0.05034755780725173
1668729600000,0.05016071549899549
1668816000000,0.05076709304735199
1668902400000,0.05226503494370593
1668988800000,0.050218533436785055
1669075200000,0.05149592988573699
1669161600000,0.0505827702075814
1669248000000,0.051479679457452486
1669334400000,0.05300573107078936
1669420800000,0.05309510149199592
1669507200000,0.05288064654254573
1669593600000,0.05339816417167007
1669680000000,0.05310151985234366
1669766400000,0.05340271328211803
1669852800000,0.05476884730730251
1669939200000,0.05426274319513919
1670025600000,0.05449560987786986
1670112000000,0.05376596848968296
1670198400000,0.05332531174078205
1670284800000,0.0534311302990577
1670371200000,0.05376082858390685
1670457600000,0.053195289707255615
1670544000000,0.05434847339001545
1670630400000,0.05474551294008174
1670716800000,0.05485086884848439
1670803200000,0.054053381942754906
1670889600000,0.053515635470710046
1670976000000,0.05446513647513181
1671062400000,0.055649203860021895
1671148800000,0.05571210415950739
1671235200000,0.053081106756956466
1671321600000,0.05494445707992159
1671408000000,0.05390836149090707
1671494400000,0.053693202475531956
1671580800000,0.05504836884378586
1671667200000,0.05495530531621851
1671753600000,0.05561292792665993
1671840000000,0.054309569478793146
1671926400000,0.0548268105694345
1672012800000,0.05490504451264272
1672099200000,0.05461633732383843
1672185600000,0.05415825377595359
1672272000000,0.054117264072803956
1672358400000,0.05405343190807895
1672444800000,0.054446711406848494
1672531200000,0.05453606027220149
1672617600000,0.05487465792843326
1672704000000,0.055187727466526226
1672790400000,0.054827778252267326
1672876800000,0.0547971173693016
1672963200000,0.05367538316705867
1673049600000,0.052545675788706295
1673136000000,0.05213696580776042
1673222400000,0.053752904568945305
1673308800000,0.054705051575781025
1673395200000,0.05488913264536253
1673481600000,0.05662259458753039
1673568000000,0.05717900062943496
1673654400000,0.06014841102046604
1673740800000,0.06197209086360675
1673827200000,0.06238209839272327
1673913600000,0.06249095283964942
1674000000000,0.061819597815781495
1674086400000,0.059175668605826896
1674172800000,0.06019822039614291
1674259200000,0.06296401572042856
1674345600000,0.06179409262292448
1674432000000,0.06187716740673565
1674518400000,0.06299108436397764
1674604800000,0.06022665152449634
1674691200000,0.0620786850639529
1674777600000,0.06185049036186801
1674864000000,0.06347881850053164
1674950400000,0.0631949315887493
1675036800000,0.06392852058447633
1675123200000,0.062370031693132856
1675209600000,0.06229590272681809
1675296000000,0.0633233414379685
1675382400000,0.06390652456280564
1675468800000,0.06419057232600969
1675555200000,0.06391215570916102
1675641600000,0.06415921733956843
1675728000000,0.06326683539766996
1675814400000,0.06586484339626338
1675900800000,0.0669036222431189
1675987200000,0.06261936065618692
1676073600000,0.06335348795234967
1676160000000,0.06394247974635847
1676246400000,0.0639181214609047
1676332800000,0.06574783769447846
1676419200000,0.06685637060846025
1676505600000,0.0709138323797355
1676592000000,0.06747705119699245
1676678400000,0.07052202403814148
1676764800000,0.07018295810268883
1676851200000,0.07039244739447992
1676937600000,0.07185773029702283
1677024000000,0.06950544443687766
1677110400000,0.06936986409264374
1677196800000,0.06969890906834432
1677283200000,0.0679606729425486
1677369600000,0.06795965325572777
1677456000000,0.0696198664057773
1677542400000,0.06949263695886562
1677628800000,0.06910720764439733
1677715200000,0.069953782723004
1677801600000,0.06972898595065136
1677888000000,0.06726763178539709
1677974400000,0.06690304326389608
1678060800000,0.06740469319699831
1678147200000,0.06751115149356554
1678233600000,0.06639644711557569
1678320000000,0.06535643263770381
1678406400000,0.05857791315592014
1678492800000,0.05753446033725937
1678579200000,0.05907023116692933
1678665600000,0.06443221778829966
1678752000000,0.06714151338039677
1678838400000,0.0671752536819527
1678924800000,0.06565001551971192
1679011200000,0.06577984657471121
1679097600000,0.0680230529934335
1679184000000,0.06631139100674956
1679270400000,0.06715184601968704
1679356800000,0.06566343612660322
1679443200000,0.0675359628480729
1679529600000,0.06021843014202199
1679616000000,0.06565328866865484
1679702400000,0.06362913141900926
1679788800000,0.06423599033006647
1679875200000,0.06436012898956076
1679961600000,0.06379179565172813
1680048000000,0.06430994878594397
1680134400000,0.06448620789004011
1680220800000,0.0650513470019519
1680307200000,0.06568995829726579
1680393600000,0.06652328364544234
1680480000000,0.06538727513432759
1680566400000,0.06587528668802925
1680652800000,0.06582537721065289
1680739200000,0.06619604721027056
1680825600000,0.06614429771896138
1680912000000,0.0661952525542623
1680998400000,0.06623312541156937
1681084800000,0.06672268170012152
1681171200000,0.06736887261381776
1681257600000,0.06647772748349154
1681344000000,0.06517173273492827
1681430400000,0.06539631475833198
1681516800000,0.06624647267498748
1681603200000,0.06609520141739744
1681689600000,0.06657815977670571
1681776000000,0.06587672707939388
1681862400000,0.06677862240085775
1681948800000,0.06586470291439277
1682035200000,0.06550174725095531
1682121600000,0.06497222382602523
1682208000000,0.06623560121978281
1682294400000,0.06677089655324801
1682380800000,0.06618447008218822
1682467200000,0.06598188199054679
1682553600000,0.06520861237902999
1682640000000,0.06587501374154577
1682726400000,0.06675066032788897
1682812800000,0.06801005748550148
1682899200000,0.06749479430973589
1682985600000,0.06857628342906447
1683072000000,0.06933020978184286
1683158400000,0.06925521527680521
1683244800000,0.06952719978821953
1683331200000,0.0710838662273649
1683417600000,0.07044145564895381
1683504000000,0.06953895511834424
1683590400000,0.06838084699928347
1683676800000,0.06908338284401262
1683763200000,0.06955626065572577
1683849600000,0.06810038148057464
1683936000000,0.06929072430724433
1684022400000,0.06963515701817892
1684108800000,0.06947239666905088
1684195200000,0.0704806891522655
1684281600000,0.07059709265029573
1684368000000,0.07094254173293467
1684454400000,0.07035171424189966
1684540800000,0.07072900837744191
1684627200000,0.07272188707657402
1684713600000,0.07531794702593828
1684800000000,0.07820039977938453
1684886400000,0.07855795973767657
1684972800000,0.07693615261832451
1685059200000,0.07686832171352112
1685145600000,0.0754726619613156
1685232000000,0.07722022381187035
1685318400000,0.0774915009100919
1685404800000,0.07614778854263828
1685491200000,0.07646024151491981
1685577600000,0.07533391309690335
1685664000000,0.07482588393359672
1685750400000,0.08272489168894318
1685836800000,0.08193029988947277
1685923200000,0.0816867262271103
1686009600000,0.07838578501490799
1686096000000,0.0782838420602655
1686182400000,0.07675534020690716
1686268800000,0.07754630779809299
1686355200000,0.07203536276226741
1686441600000,0.06977180139657527
1686528000000,0.07022219721996639
1686614400000,0.07108633682060583
1686700800000,0.07194792306851296
1686787200000,0.07103752249450905
1686873600000,0.07095858029880024
1686960000000,0.0705400501613137
1687046400000,0.07160175068458766
1687132800000,0.07018382860931731
1687219200000,0.07018039259138857
1687305600000,0.07049376995030697
1687392000000,0.07243107897930218
1687478400000,0.07182067455499348
1687564800000,0.0731201868989998
1687651200000,0.07218811016342418
1687737600000,0.07317033476034196
1687824000000,0.07379878515194331
1687910400000,0.07433880456989636
1687996800000,0.07375223420183159
1688083200000,0.07448079456631812
1688169600000,0.07614705043899082
1688256000000,0.07721818882289651
1688342400000,0.07592573352832385
1688428800000,0.07728972669631617
1688515200000,0.07706116448449873
1688601600000,0.07702158089291028
1688688000000,0.07727470178223907
1688774400000,0.07881316456312555
1688860800000,0.08005393790002556
1688947200000,0.0774556504823514
1689033600000,0.07760628201214209
1689120000000,0.07733867708377302
1689206400000,0.07790589297060665
1689292800000,0.08163390821193223
1689379200000,0.07978805320143387
1689465600000,0.08085989080550224
1689552000000,0.07980552585576103
1689638400000,0.07994692077801062
1689724800000,0.07979470553839346
1689811200000,0.08031233498403667
1689897600000,0.08064506144773717
1689984000000,0.08045497207942869
1690070400000,0.08369591639611575
1690156800000,0.08332613284225981
1690243200000,0.08154661935736747
1690329600000,0.08189213991256214
1690416000000,0.08241805864690703
1690502400000,0.08255831183700714
1690588800000,0.08519727829215551
1690675200000,0.08335304153060019
1690761600000,0.08008529543969552
1690848000000,0.0779807771391641
1690934400000,0.07859051122612058
1691020800000,0.0764545069712791
1691107200000,0.07719584144724578
1691193600000,0.07672877063520818
1691280000000,0.07745158085191299
1691366400000,0.07681721087618426
1691452800000,0.07675149770980479
1691539200000,0.07681097493638314
1691625600000,0.0767276037602476
1691712000000,0.07726537727670321
1691798400000,0.0771292689211512
1691884800000,0.07744168362430294
1691971200000,0.07709780264874198
1692057600000,0.07740802006057806
1692144000000,0.0762472614805025
1692230400000,0.07473598319490088
1692316800000,0.0724471604422715
1692403200000,0.07299470336012635
